FitnessCenterID,Name,WorkingHours
1,Jetpulse,8:00 AM - 4:00 PM
2,Trudeo,10:00 AM - 6:00 PM
3,Realmix,10:00 AM - 6:00 PM
4,Aimbu,9:30 AM - 5:30 PM
5,Twimbo,8:30 AM - 4:30 PM
6,Dynazzy,10:00 AM - 6:00 PM
7,Innotype,8:00 AM - 4:00 PM
8,Thoughtstorm,9:30 AM - 5:30 PM
9,Yoveo,7:00 AM - 3:00 PM
10,Quire,8:00 AM - 4:00 PM
11,Shuffledrive,9:00 AM - 5:00 PM
12,Twitterlist,10:00 AM - 6:00 PM
13,Jabbertype,8:30 AM - 4:30 PM
14,Abatz,10:00 AM - 6:00 PM
15,Dablist,8:30 AM - 4:30 PM
16,Gabcube,8:00 AM - 4:00 PM
17,Skinte,9:00 AM - 5:00 PM
18,Twitterwire,7:00 AM - 3:00 PM
19,Omba,9:30 AM - 5:30 PM
20,Eadel,10:00 AM - 6:00 PM
21,Mynte,8:00 AM - 4:00 PM
22,Dabfeed,9:00 AM - 5:00 PM
23,Dabshots,10:00 AM - 6:00 PM
24,Twitterbeat,9:00 AM - 5:00 PM
25,Babbleset,11:00 AM - 7:00 PM
26,Talane,7:00 AM - 3:00 PM
27,Talane,9:30 AM - 5:30 PM
28,Divanoodle,9:00 AM - 5:00 PM
29,Thoughtstorm,10:00 AM - 6:00 PM
30,Zoozzy,7:00 AM - 3:00 PM
31,Yakitri,9:30 AM - 5:30 PM
32,Photospace,11:00 AM - 7:00 PM
33,Geba,9:30 AM - 5:30 PM
34,Wikivu,11:00 AM - 7:00 PM
35,Feedfish,8:30 AM - 4:30 PM
36,Browsedrive,9:00 AM - 5:00 PM
37,Thoughtstorm,11:00 AM - 7:00 PM
38,Thoughtbeat,11:00 AM - 7:00 PM
39,Brainbox,7:00 AM - 3:00 PM
40,Buzzshare,10:00 AM - 6:00 PM
41,Realcube,11:00 AM - 7:00 PM
42,Flipbug,10:00 AM - 6:00 PM
43,Agivu,10:00 AM - 6:00 PM
44,Vidoo,7:00 AM - 3:00 PM
45,Eire,8:00 AM - 4:00 PM
46,Einti,11:00 AM - 7:00 PM
47,Riffwire,9:30 AM - 5:30 PM
48,Skinte,9:30 AM - 5:30 PM
49,Topdrive,8:00 AM - 4:00 PM
50,Edgepulse,11:00 AM - 7:00 PM
51,Demizz,9:30 AM - 5:30 PM
52,Wordware,9:00 AM - 5:00 PM
53,Jaxworks,8:00 AM - 4:00 PM
54,Tambee,7:00 AM - 3:00 PM
55,Oyoyo,8:30 AM - 4:30 PM
56,Jetpulse,7:00 AM - 3:00 PM
57,Edgeclub,10:00 AM - 6:00 PM
58,Flashpoint,11:00 AM - 7:00 PM
59,Skippad,10:00 AM - 6:00 PM
60,Aivee,11:00 AM - 7:00 PM
61,Katz,9:00 AM - 5:00 PM
62,Jamia,9:30 AM - 5:30 PM
63,Voolith,10:00 AM - 6:00 PM
64,Brightbean,8:00 AM - 4:00 PM
65,Jaxbean,9:30 AM - 5:30 PM
66,Demimbu,9:00 AM - 5:00 PM
67,Linkbridge,7:00 AM - 3:00 PM
68,Avaveo,8:00 AM - 4:00 PM
69,Yotz,7:00 AM - 3:00 PM
70,Twitterbeat,11:00 AM - 7:00 PM
71,Youspan,8:30 AM - 4:30 PM
72,Cogilith,8:00 AM - 4:00 PM
73,Avavee,7:00 AM - 3:00 PM
74,Vinder,10:00 AM - 6:00 PM
75,Devshare,11:00 AM - 7:00 PM
76,Skyba,10:00 AM - 6:00 PM
77,Fatz,11:00 AM - 7:00 PM
78,Rhycero,7:00 AM - 3:00 PM
79,Twitterwire,11:00 AM - 7:00 PM
80,Gabtune,8:00 AM - 4:00 PM
81,Jayo,10:00 AM - 6:00 PM
82,Skiptube,7:00 AM - 3:00 PM
83,Buzzbean,8:30 AM - 4:30 PM
84,Centidel,8:00 AM - 4:00 PM
85,Voonder,11:00 AM - 7:00 PM
86,Minyx,7:00 AM - 3:00 PM
87,Rhynyx,7:00 AM - 3:00 PM
88,Thoughtstorm,11:00 AM - 7:00 PM
89,Yodoo,7:00 AM - 3:00 PM
90,Jaloo,10:00 AM - 6:00 PM
91,Wikido,8:30 AM - 4:30 PM
92,Realbridge,10:00 AM - 6:00 PM
93,Yodoo,8:30 AM - 4:30 PM
94,Viva,10:00 AM - 6:00 PM
95,Vidoo,10:00 AM - 6:00 PM
96,Roodel,11:00 AM - 7:00 PM
97,Minyx,10:00 AM - 6:00 PM
98,Twimm,10:00 AM - 6:00 PM
99,Lazzy,7:00 AM - 3:00 PM
100,Skyble,8:30 AM - 4:30 PM
101,Eazzy,11:00 AM - 7:00 PM
102,Linktype,9:00 AM - 5:00 PM
103,Gigaclub,9:30 AM - 5:30 PM
104,Mydeo,9:00 AM - 5:00 PM
105,Kare,9:00 AM - 5:00 PM
106,Wikido,9:30 AM - 5:30 PM
107,Skimia,8:30 AM - 4:30 PM
108,Yambee,9:00 AM - 5:00 PM
109,Jaxnation,9:00 AM - 5:00 PM
110,Edgewire,10:00 AM - 6:00 PM
111,Kanoodle,8:00 AM - 4:00 PM
112,Jabbercube,8:00 AM - 4:00 PM
113,Rhybox,8:00 AM - 4:00 PM
114,Skynoodle,9:30 AM - 5:30 PM
115,Livefish,8:30 AM - 4:30 PM
116,Topdrive,11:00 AM - 7:00 PM
117,Brightbean,9:30 AM - 5:30 PM
118,Thoughtblab,10:00 AM - 6:00 PM
119,Vitz,8:00 AM - 4:00 PM
120,Realblab,9:30 AM - 5:30 PM
121,Thoughtsphere,11:00 AM - 7:00 PM
122,Youspan,8:00 AM - 4:00 PM
123,Flashpoint,9:30 AM - 5:30 PM
124,Kamba,11:00 AM - 7:00 PM
125,Dynabox,8:30 AM - 4:30 PM
126,Yata,11:00 AM - 7:00 PM
127,Yakitri,9:00 AM - 5:00 PM
128,Ailane,11:00 AM - 7:00 PM
129,Skibox,7:00 AM - 3:00 PM
130,Zoovu,9:00 AM - 5:00 PM
131,Wikibox,8:00 AM - 4:00 PM
132,Ainyx,8:30 AM - 4:30 PM
133,Thoughtstorm,7:00 AM - 3:00 PM
134,Twimbo,9:30 AM - 5:30 PM
135,Flipstorm,9:30 AM - 5:30 PM
136,Jabberstorm,10:00 AM - 6:00 PM
137,Lajo,9:00 AM - 5:00 PM
138,Kwimbee,10:00 AM - 6:00 PM
139,Linklinks,11:00 AM - 7:00 PM
140,Shuffletag,11:00 AM - 7:00 PM
141,Topicstorm,8:30 AM - 4:30 PM
142,Fivechat,9:30 AM - 5:30 PM
143,Fadeo,9:00 AM - 5:00 PM
144,Digitube,8:00 AM - 4:00 PM
145,Youfeed,8:00 AM - 4:00 PM
146,JumpXS,9:00 AM - 5:00 PM
147,Yacero,8:00 AM - 4:00 PM
148,Buzzdog,10:00 AM - 6:00 PM
149,Brainbox,9:00 AM - 5:00 PM
150,Riffpedia,9:30 AM - 5:30 PM
151,Izio,7:00 AM - 3:00 PM
152,Vipe,8:30 AM - 4:30 PM
153,Devpulse,7:00 AM - 3:00 PM
154,Chatterpoint,9:30 AM - 5:30 PM
155,Twimm,9:00 AM - 5:00 PM
156,Skyba,10:00 AM - 6:00 PM
157,Centizu,10:00 AM - 6:00 PM
158,Ozu,9:00 AM - 5:00 PM
159,Zoovu,8:00 AM - 4:00 PM
160,Linklinks,8:30 AM - 4:30 PM
161,Bubblemix,11:00 AM - 7:00 PM
162,Quatz,7:00 AM - 3:00 PM
163,Yabox,9:30 AM - 5:30 PM
164,Zoovu,8:30 AM - 4:30 PM
165,Skynoodle,8:00 AM - 4:00 PM
166,Mybuzz,11:00 AM - 7:00 PM
167,Janyx,10:00 AM - 6:00 PM
168,Thoughtstorm,9:00 AM - 5:00 PM
169,Topiczoom,7:00 AM - 3:00 PM
170,Eabox,8:30 AM - 4:30 PM
171,Blogtag,11:00 AM - 7:00 PM
172,Plajo,8:30 AM - 4:30 PM
173,Roodel,9:00 AM - 5:00 PM
174,Flashdog,11:00 AM - 7:00 PM
175,Youspan,9:30 AM - 5:30 PM
176,Thoughtblab,7:00 AM - 3:00 PM
177,Flashspan,8:30 AM - 4:30 PM
178,Skyble,8:00 AM - 4:00 PM
179,Jabbertype,11:00 AM - 7:00 PM
180,Blognation,9:00 AM - 5:00 PM
181,Edgepulse,8:30 AM - 4:30 PM
182,Linklinks,9:00 AM - 5:00 PM
183,Tekfly,8:00 AM - 4:00 PM
184,Edgeify,8:30 AM - 4:30 PM
185,Twitterlist,9:00 AM - 5:00 PM
186,Fadeo,8:30 AM - 4:30 PM
187,Blogtag,9:00 AM - 5:00 PM
188,Realcube,11:00 AM - 7:00 PM
189,Pixonyx,8:00 AM - 4:00 PM
190,Blogtags,8:00 AM - 4:00 PM
191,Kare,8:00 AM - 4:00 PM
192,Linklinks,11:00 AM - 7:00 PM
193,Yakitri,9:00 AM - 5:00 PM
194,Talane,10:00 AM - 6:00 PM
195,Oloo,9:00 AM - 5:00 PM
196,Brightdog,11:00 AM - 7:00 PM
197,Divape,8:30 AM - 4:30 PM
198,Rhyzio,10:00 AM - 6:00 PM
199,Bubblebox,9:30 AM - 5:30 PM
200,Mynte,10:00 AM - 6:00 PM
201,Trudoo,7:00 AM - 3:00 PM
202,Skyba,11:00 AM - 7:00 PM
203,Katz,8:30 AM - 4:30 PM
204,Kanoodle,9:30 AM - 5:30 PM
205,Wikido,8:30 AM - 4:30 PM
206,Topdrive,8:30 AM - 4:30 PM
207,Thoughtbridge,9:00 AM - 5:00 PM
208,Eayo,7:00 AM - 3:00 PM
209,Minyx,11:00 AM - 7:00 PM
210,Photobug,7:00 AM - 3:00 PM
211,Zoovu,8:00 AM - 4:00 PM
212,Yodo,9:00 AM - 5:00 PM
213,Tambee,8:30 AM - 4:30 PM
214,Centizu,8:30 AM - 4:30 PM
215,Geba,8:00 AM - 4:00 PM
216,Zoovu,9:30 AM - 5:30 PM
217,Feedmix,8:00 AM - 4:00 PM
218,Quinu,7:00 AM - 3:00 PM
219,Eimbee,10:00 AM - 6:00 PM
220,Youfeed,10:00 AM - 6:00 PM
221,Twinte,8:00 AM - 4:00 PM
222,Eidel,11:00 AM - 7:00 PM
223,Plambee,9:30 AM - 5:30 PM
224,Jaxspan,8:30 AM - 4:30 PM
225,Wikido,7:00 AM - 3:00 PM
226,Teklist,8:30 AM - 4:30 PM
227,Fadeo,9:30 AM - 5:30 PM
228,Wordtune,8:00 AM - 4:00 PM
229,Youspan,8:30 AM - 4:30 PM
230,Fliptune,8:30 AM - 4:30 PM
231,Devpoint,8:00 AM - 4:00 PM
232,Rhynoodle,9:00 AM - 5:00 PM
233,Izio,8:30 AM - 4:30 PM
234,Bubblebox,8:00 AM - 4:00 PM
235,Yacero,8:30 AM - 4:30 PM
236,Geba,9:30 AM - 5:30 PM
237,Skyble,10:00 AM - 6:00 PM
238,Voomm,11:00 AM - 7:00 PM
239,Twitterwire,9:30 AM - 5:30 PM
240,Voomm,8:30 AM - 4:30 PM
241,Fliptune,8:00 AM - 4:00 PM
242,Jamia,7:00 AM - 3:00 PM
243,Zooveo,8:00 AM - 4:00 PM
244,Babblestorm,8:30 AM - 4:30 PM
245,Fatz,9:00 AM - 5:00 PM
246,Gabcube,10:00 AM - 6:00 PM
247,Flashspan,8:30 AM - 4:30 PM
248,Oozz,10:00 AM - 6:00 PM
249,Twitterbridge,8:00 AM - 4:00 PM
250,Realblab,8:30 AM - 4:30 PM
251,Dabshots,9:30 AM - 5:30 PM
252,Linkbridge,10:00 AM - 6:00 PM
253,Rhybox,9:30 AM - 5:30 PM
254,Thoughtbeat,9:00 AM - 5:00 PM
255,Wikivu,8:00 AM - 4:00 PM
256,Tambee,11:00 AM - 7:00 PM
257,Oyonder,8:30 AM - 4:30 PM
258,Linklinks,9:30 AM - 5:30 PM
259,Yamia,10:00 AM - 6:00 PM
260,Thoughtbeat,10:00 AM - 6:00 PM
261,Linkbuzz,11:00 AM - 7:00 PM
262,Jabberstorm,10:00 AM - 6:00 PM
263,Latz,10:00 AM - 6:00 PM
264,Gabcube,11:00 AM - 7:00 PM
265,Devify,8:00 AM - 4:00 PM
266,Quaxo,11:00 AM - 7:00 PM
267,Voonyx,11:00 AM - 7:00 PM
268,Thoughtstorm,8:30 AM - 4:30 PM
269,Dynabox,9:30 AM - 5:30 PM
270,Latz,9:00 AM - 5:00 PM
271,Feedspan,9:00 AM - 5:00 PM
272,Realblab,11:00 AM - 7:00 PM
273,Leenti,8:00 AM - 4:00 PM
274,Agivu,7:00 AM - 3:00 PM
275,Tagpad,8:00 AM - 4:00 PM
276,Youopia,10:00 AM - 6:00 PM
277,Riffwire,9:00 AM - 5:00 PM
278,LiveZ,9:00 AM - 5:00 PM
279,Wordware,11:00 AM - 7:00 PM
280,Ainyx,9:30 AM - 5:30 PM
281,Kwilith,8:30 AM - 4:30 PM
282,Skalith,9:00 AM - 5:00 PM
283,Thoughtblab,8:00 AM - 4:00 PM
284,Camido,9:30 AM - 5:30 PM
285,Kwilith,11:00 AM - 7:00 PM
286,Feedspan,7:00 AM - 3:00 PM
287,Photojam,7:00 AM - 3:00 PM
288,Skyble,11:00 AM - 7:00 PM
289,Zooveo,9:00 AM - 5:00 PM
290,Eire,9:30 AM - 5:30 PM
291,Fiveclub,8:00 AM - 4:00 PM
292,Fliptune,9:30 AM - 5:30 PM
293,Yozio,8:30 AM - 4:30 PM
294,Realmix,8:30 AM - 4:30 PM
295,Mita,9:30 AM - 5:30 PM
296,Voolia,9:30 AM - 5:30 PM
297,Mudo,8:00 AM - 4:00 PM
298,Demizz,8:30 AM - 4:30 PM
299,Linkbridge,11:00 AM - 7:00 PM
300,Zoombeat,9:30 AM - 5:30 PM
301,Blognation,9:00 AM - 5:00 PM
302,Vimbo,10:00 AM - 6:00 PM
303,Brightbean,9:30 AM - 5:30 PM
304,Yata,10:00 AM - 6:00 PM
305,Vitz,9:00 AM - 5:00 PM
306,Plajo,7:00 AM - 3:00 PM
307,Eare,8:00 AM - 4:00 PM
308,Twimbo,7:00 AM - 3:00 PM
309,Podcat,9:00 AM - 5:00 PM
310,Snaptags,9:00 AM - 5:00 PM
311,Jaxnation,8:30 AM - 4:30 PM
312,Photofeed,8:30 AM - 4:30 PM
313,Zoovu,7:00 AM - 3:00 PM
314,Vipe,7:00 AM - 3:00 PM
315,Cogibox,8:30 AM - 4:30 PM
316,Meevee,9:30 AM - 5:30 PM
317,Myworks,8:30 AM - 4:30 PM
318,Centidel,10:00 AM - 6:00 PM
319,Dabshots,10:00 AM - 6:00 PM
320,Trupe,11:00 AM - 7:00 PM
321,Kare,9:00 AM - 5:00 PM
322,Oloo,9:00 AM - 5:00 PM
323,Twitterworks,8:30 AM - 4:30 PM
324,Eimbee,9:30 AM - 5:30 PM
325,Riffpath,7:00 AM - 3:00 PM
326,Zava,10:00 AM - 6:00 PM
327,Oyoyo,11:00 AM - 7:00 PM
328,Fanoodle,8:30 AM - 4:30 PM
329,Roomm,10:00 AM - 6:00 PM
330,Ozu,10:00 AM - 6:00 PM
331,JumpXS,10:00 AM - 6:00 PM
332,Gigabox,9:00 AM - 5:00 PM
333,Rhycero,7:00 AM - 3:00 PM
334,Realmix,9:30 AM - 5:30 PM
335,Wordtune,11:00 AM - 7:00 PM
336,Skimia,9:00 AM - 5:00 PM
337,Fatz,9:00 AM - 5:00 PM
338,Eimbee,8:30 AM - 4:30 PM
339,Thoughtbridge,8:00 AM - 4:00 PM
340,Meetz,7:00 AM - 3:00 PM
341,Brainsphere,9:00 AM - 5:00 PM
342,Rhynoodle,7:00 AM - 3:00 PM
343,Ntags,8:30 AM - 4:30 PM
344,Chatterbridge,9:30 AM - 5:30 PM
345,Yombu,8:30 AM - 4:30 PM
346,Eidel,8:00 AM - 4:00 PM
347,Eamia,7:00 AM - 3:00 PM
348,Avavee,11:00 AM - 7:00 PM
349,Skajo,10:00 AM - 6:00 PM
350,Quimba,11:00 AM - 7:00 PM
351,Bluejam,9:30 AM - 5:30 PM
352,Youspan,9:00 AM - 5:00 PM
353,Yakijo,10:00 AM - 6:00 PM
354,Meetz,10:00 AM - 6:00 PM
355,Fivespan,8:30 AM - 4:30 PM
356,Npath,11:00 AM - 7:00 PM
357,Innotype,11:00 AM - 7:00 PM
358,Zoonoodle,11:00 AM - 7:00 PM
359,Topicware,8:00 AM - 4:00 PM
360,Dabjam,9:30 AM - 5:30 PM
361,Trilia,9:00 AM - 5:00 PM
362,Oyoba,10:00 AM - 6:00 PM
363,Fivebridge,9:00 AM - 5:00 PM
364,Linkbuzz,9:00 AM - 5:00 PM
365,Aivee,10:00 AM - 6:00 PM
366,Feedfish,10:00 AM - 6:00 PM
367,Tagopia,10:00 AM - 6:00 PM
368,Youopia,10:00 AM - 6:00 PM
369,Gabspot,8:00 AM - 4:00 PM
370,Skilith,10:00 AM - 6:00 PM
371,Yacero,7:00 AM - 3:00 PM
372,Trilia,11:00 AM - 7:00 PM
373,Chatterbridge,9:30 AM - 5:30 PM
374,Devbug,8:00 AM - 4:00 PM
375,Aimbo,11:00 AM - 7:00 PM
376,Vinder,11:00 AM - 7:00 PM
377,Youspan,9:30 AM - 5:30 PM
378,Dabfeed,8:30 AM - 4:30 PM
379,Ainyx,7:00 AM - 3:00 PM
380,Mudo,10:00 AM - 6:00 PM
381,Gabspot,9:30 AM - 5:30 PM
382,Jazzy,10:00 AM - 6:00 PM
383,Demizz,7:00 AM - 3:00 PM
384,Brainsphere,9:30 AM - 5:30 PM
385,Yozio,10:00 AM - 6:00 PM
386,Devpulse,9:00 AM - 5:00 PM
387,Bubblebox,8:00 AM - 4:00 PM
388,Eidel,10:00 AM - 6:00 PM
389,Kwinu,9:00 AM - 5:00 PM
390,Trunyx,11:00 AM - 7:00 PM
391,Jaxworks,9:30 AM - 5:30 PM
392,Fanoodle,9:00 AM - 5:00 PM
393,Jayo,8:00 AM - 4:00 PM
394,Plajo,9:00 AM - 5:00 PM
395,Mita,9:00 AM - 5:00 PM
396,Skibox,9:30 AM - 5:30 PM
397,Voonyx,11:00 AM - 7:00 PM
398,Shufflester,9:30 AM - 5:30 PM
399,Oyondu,8:30 AM - 4:30 PM
400,Trudoo,11:00 AM - 7:00 PM
401,Voolith,8:30 AM - 4:30 PM
402,Gigaclub,9:30 AM - 5:30 PM
403,Tagfeed,10:00 AM - 6:00 PM
404,Rhynyx,7:00 AM - 3:00 PM
405,Voolia,9:30 AM - 5:30 PM
406,Divanoodle,8:30 AM - 4:30 PM
407,JumpXS,9:30 AM - 5:30 PM
408,Wordify,8:00 AM - 4:00 PM
409,Zoomzone,10:00 AM - 6:00 PM
410,Jabberbean,9:00 AM - 5:00 PM
411,Dynabox,9:30 AM - 5:30 PM
412,Vinder,10:00 AM - 6:00 PM
413,Browsecat,7:00 AM - 3:00 PM
414,Yodoo,9:00 AM - 5:00 PM
415,Vinder,7:00 AM - 3:00 PM
416,Voonix,10:00 AM - 6:00 PM
417,Zoomzone,11:00 AM - 7:00 PM
418,Centimia,8:30 AM - 4:30 PM
419,Divape,11:00 AM - 7:00 PM
420,Yabox,8:30 AM - 4:30 PM
421,Gigashots,7:00 AM - 3:00 PM
422,Avavee,8:00 AM - 4:00 PM
423,Kwideo,11:00 AM - 7:00 PM
424,Rhycero,9:30 AM - 5:30 PM
425,Eadel,11:00 AM - 7:00 PM
426,Cogibox,8:00 AM - 4:00 PM
427,Skyvu,8:00 AM - 4:00 PM
428,Tagfeed,9:30 AM - 5:30 PM
429,Quatz,7:00 AM - 3:00 PM
430,Jamia,8:30 AM - 4:30 PM
431,Meevee,10:00 AM - 6:00 PM
432,Rhynoodle,9:30 AM - 5:30 PM
433,Mymm,8:00 AM - 4:00 PM
434,Wordify,9:00 AM - 5:00 PM
435,Kazu,8:00 AM - 4:00 PM
436,Yabox,10:00 AM - 6:00 PM
437,Mynte,8:00 AM - 4:00 PM
438,Photobean,8:00 AM - 4:00 PM
439,Einti,10:00 AM - 6:00 PM
440,Youfeed,8:00 AM - 4:00 PM
441,Babblestorm,7:00 AM - 3:00 PM
442,Jabbersphere,8:30 AM - 4:30 PM
443,Oyoba,7:00 AM - 3:00 PM
444,Thoughtstorm,10:00 AM - 6:00 PM
445,Aimbu,8:30 AM - 4:30 PM
446,Skipstorm,11:00 AM - 7:00 PM
447,Oyope,9:00 AM - 5:00 PM
448,Pixope,7:00 AM - 3:00 PM
449,Zooxo,8:00 AM - 4:00 PM
450,Buzzster,9:00 AM - 5:00 PM
451,Voonyx,9:30 AM - 5:30 PM
452,Dabtype,10:00 AM - 6:00 PM
453,Fadeo,9:30 AM - 5:30 PM
454,Voomm,11:00 AM - 7:00 PM
455,Photofeed,10:00 AM - 6:00 PM
456,Meemm,9:00 AM - 5:00 PM
457,Twitterworks,9:00 AM - 5:00 PM
458,Eazzy,8:30 AM - 4:30 PM
459,Babblestorm,9:30 AM - 5:30 PM
460,Oozz,8:00 AM - 4:00 PM
461,Livetube,7:00 AM - 3:00 PM
462,Skibox,8:30 AM - 4:30 PM
463,Pixonyx,11:00 AM - 7:00 PM
464,Dabvine,11:00 AM - 7:00 PM
465,Kazu,11:00 AM - 7:00 PM
466,Topiclounge,10:00 AM - 6:00 PM
467,Bluezoom,9:00 AM - 5:00 PM
468,Roombo,11:00 AM - 7:00 PM
469,Gabtune,7:00 AM - 3:00 PM
470,Brainverse,8:00 AM - 4:00 PM
471,Teklist,8:30 AM - 4:30 PM
472,Skivee,11:00 AM - 7:00 PM
473,Shuffletag,8:30 AM - 4:30 PM
474,Meemm,8:30 AM - 4:30 PM
475,Browsetype,8:00 AM - 4:00 PM
476,Livepath,10:00 AM - 6:00 PM
477,Mynte,8:00 AM - 4:00 PM
478,LiveZ,11:00 AM - 7:00 PM
479,Thoughtstorm,10:00 AM - 6:00 PM
480,Mybuzz,7:00 AM - 3:00 PM
481,Realcube,8:00 AM - 4:00 PM
482,Gigazoom,9:30 AM - 5:30 PM
483,Twinder,8:30 AM - 4:30 PM
484,Babbleblab,9:30 AM - 5:30 PM
485,Tavu,9:00 AM - 5:00 PM
486,Photojam,8:30 AM - 4:30 PM
487,Twitterlist,8:30 AM - 4:30 PM
488,Trudeo,9:00 AM - 5:00 PM
489,Katz,9:00 AM - 5:00 PM
490,Snaptags,9:30 AM - 5:30 PM
491,Linklinks,9:30 AM - 5:30 PM
492,Katz,9:00 AM - 5:00 PM
493,Jabberstorm,8:00 AM - 4:00 PM
494,Vipe,7:00 AM - 3:00 PM
495,Dabfeed,8:00 AM - 4:00 PM
496,Topicstorm,8:30 AM - 4:30 PM
497,Demimbu,9:30 AM - 5:30 PM
498,Lazz,7:00 AM - 3:00 PM
499,Yambee,9:30 AM - 5:30 PM
500,Dynazzy,9:30 AM - 5:30 PM
501,Rhynoodle,8:00 AM - 4:00 PM
502,Skinix,8:30 AM - 4:30 PM
503,Riffpedia,9:30 AM - 5:30 PM
504,Edgewire,8:00 AM - 4:00 PM
505,Linkbridge,9:30 AM - 5:30 PM
506,Youfeed,10:00 AM - 6:00 PM
507,Kimia,8:00 AM - 4:00 PM
508,Wikizz,7:00 AM - 3:00 PM
509,Linktype,9:30 AM - 5:30 PM
510,Skipstorm,8:00 AM - 4:00 PM
511,Twitterbridge,8:00 AM - 4:00 PM
512,Skyba,10:00 AM - 6:00 PM
513,Einti,9:00 AM - 5:00 PM
514,Jabberbean,9:00 AM - 5:00 PM
515,Shufflebeat,7:00 AM - 3:00 PM
516,Vidoo,11:00 AM - 7:00 PM
517,Mydo,7:00 AM - 3:00 PM
518,Blogtags,11:00 AM - 7:00 PM
519,Roodel,10:00 AM - 6:00 PM
520,Quimm,11:00 AM - 7:00 PM
521,Trupe,8:30 AM - 4:30 PM
522,Roomm,9:00 AM - 5:00 PM
523,Camimbo,11:00 AM - 7:00 PM
524,Wordware,11:00 AM - 7:00 PM
525,Edgewire,9:00 AM - 5:00 PM
526,Yodo,9:30 AM - 5:30 PM
527,Camimbo,10:00 AM - 6:00 PM
528,Yambee,9:00 AM - 5:00 PM
529,Photobean,10:00 AM - 6:00 PM
530,Oyoloo,8:30 AM - 4:30 PM
531,Gabvine,10:00 AM - 6:00 PM
532,Edgeclub,8:00 AM - 4:00 PM
533,Topiczoom,7:00 AM - 3:00 PM
534,Livetube,10:00 AM - 6:00 PM
535,Skidoo,8:00 AM - 4:00 PM
536,Twitterbeat,8:30 AM - 4:30 PM
537,Twiyo,9:00 AM - 5:00 PM
538,Yodel,9:00 AM - 5:00 PM
539,Brainverse,8:30 AM - 4:30 PM
540,Vinte,10:00 AM - 6:00 PM
541,Flipopia,7:00 AM - 3:00 PM
542,Kamba,9:30 AM - 5:30 PM
543,Aimbo,9:30 AM - 5:30 PM
544,Pixoboo,7:00 AM - 3:00 PM
545,Cogilith,9:30 AM - 5:30 PM
546,Gigabox,8:30 AM - 4:30 PM
547,Teklist,8:00 AM - 4:00 PM
548,Topicshots,11:00 AM - 7:00 PM
549,Kwideo,9:30 AM - 5:30 PM
550,Vidoo,11:00 AM - 7:00 PM
551,Twimm,9:30 AM - 5:30 PM
552,Zoonoodle,8:30 AM - 4:30 PM
553,Yakitri,10:00 AM - 6:00 PM
554,Camido,9:30 AM - 5:30 PM
555,Feedfire,11:00 AM - 7:00 PM
556,Trunyx,10:00 AM - 6:00 PM
557,DabZ,9:30 AM - 5:30 PM
558,Avamba,10:00 AM - 6:00 PM
559,Mymm,7:00 AM - 3:00 PM
560,Meeveo,9:00 AM - 5:00 PM
561,Meezzy,9:30 AM - 5:30 PM
562,Yamia,7:00 AM - 3:00 PM
563,Skalith,8:30 AM - 4:30 PM
564,BlogXS,11:00 AM - 7:00 PM
565,Twinte,9:30 AM - 5:30 PM
566,Yacero,8:00 AM - 4:00 PM
567,Divavu,9:30 AM - 5:30 PM
568,Oozz,9:30 AM - 5:30 PM
569,Jabbercube,11:00 AM - 7:00 PM
570,Zava,7:00 AM - 3:00 PM
571,Babbleopia,8:30 AM - 4:30 PM
572,Plajo,9:00 AM - 5:00 PM
573,Skinte,8:30 AM - 4:30 PM
574,Realbridge,9:30 AM - 5:30 PM
575,Yamia,7:00 AM - 3:00 PM
576,Podcat,9:30 AM - 5:30 PM
577,Ozu,9:00 AM - 5:00 PM
578,Shufflebeat,9:30 AM - 5:30 PM
579,Gabcube,8:30 AM - 4:30 PM
580,Trudoo,7:00 AM - 3:00 PM
581,Brainsphere,9:00 AM - 5:00 PM
582,Voomm,9:30 AM - 5:30 PM
583,Yakidoo,10:00 AM - 6:00 PM
584,Snaptags,9:00 AM - 5:00 PM
585,Topicblab,8:00 AM - 4:00 PM
586,Voonyx,7:00 AM - 3:00 PM
587,Tavu,9:00 AM - 5:00 PM
588,Geba,9:00 AM - 5:00 PM
589,Dynava,9:00 AM - 5:00 PM
590,Kwimbee,10:00 AM - 6:00 PM
591,Skaboo,7:00 AM - 3:00 PM
592,Kayveo,11:00 AM - 7:00 PM
593,Agimba,11:00 AM - 7:00 PM
594,Ooba,8:30 AM - 4:30 PM
595,Riffpedia,8:30 AM - 4:30 PM
596,Eimbee,8:30 AM - 4:30 PM
597,Babbleblab,8:30 AM - 4:30 PM
598,Skynoodle,8:30 AM - 4:30 PM
599,Thoughtblab,8:00 AM - 4:00 PM
600,Quinu,7:00 AM - 3:00 PM
601,Skyndu,10:00 AM - 6:00 PM
602,Dynava,10:00 AM - 6:00 PM
603,Voomm,7:00 AM - 3:00 PM
604,Wikivu,10:00 AM - 6:00 PM
605,Voolia,9:00 AM - 5:00 PM
606,Skivee,7:00 AM - 3:00 PM
607,Thoughtstorm,8:00 AM - 4:00 PM
608,Zooveo,8:30 AM - 4:30 PM
609,Mybuzz,8:00 AM - 4:00 PM
610,Brainbox,10:00 AM - 6:00 PM
611,Livefish,8:00 AM - 4:00 PM
612,Blogtag,10:00 AM - 6:00 PM
613,Eadel,11:00 AM - 7:00 PM
614,Jabbersphere,9:00 AM - 5:00 PM
615,Viva,10:00 AM - 6:00 PM
616,DabZ,8:30 AM - 4:30 PM
617,Skyndu,11:00 AM - 7:00 PM
618,Youopia,10:00 AM - 6:00 PM
619,Ooba,10:00 AM - 6:00 PM
620,Skivee,7:00 AM - 3:00 PM
621,Demivee,8:00 AM - 4:00 PM
622,Innotype,8:00 AM - 4:00 PM
623,Demizz,8:00 AM - 4:00 PM
624,Zoozzy,7:00 AM - 3:00 PM
625,Flashpoint,11:00 AM - 7:00 PM
626,Gabvine,7:00 AM - 3:00 PM
627,Tekfly,9:00 AM - 5:00 PM
628,Realpoint,9:30 AM - 5:30 PM
629,Realfire,11:00 AM - 7:00 PM
630,LiveZ,8:30 AM - 4:30 PM
631,Skipstorm,7:00 AM - 3:00 PM
632,Livefish,10:00 AM - 6:00 PM
633,Meevee,9:00 AM - 5:00 PM
634,Bubbletube,8:30 AM - 4:30 PM
635,Eayo,9:30 AM - 5:30 PM
636,Digitube,9:00 AM - 5:00 PM
637,Blogtags,9:30 AM - 5:30 PM
638,Oyondu,8:30 AM - 4:30 PM
639,Dabfeed,8:30 AM - 4:30 PM
640,InnoZ,9:00 AM - 5:00 PM
641,Rhynoodle,10:00 AM - 6:00 PM
642,Wordware,9:00 AM - 5:00 PM
643,Jabbersphere,8:30 AM - 4:30 PM
644,Feedfish,8:30 AM - 4:30 PM
645,Yakijo,11:00 AM - 7:00 PM
646,Youspan,9:00 AM - 5:00 PM
647,Divavu,8:00 AM - 4:00 PM
648,Yakidoo,9:30 AM - 5:30 PM
649,Zoombox,11:00 AM - 7:00 PM
650,Trilia,9:30 AM - 5:30 PM
651,Oyoloo,11:00 AM - 7:00 PM
652,Fatz,9:30 AM - 5:30 PM
653,Voolia,9:00 AM - 5:00 PM
654,Babbleopia,10:00 AM - 6:00 PM
655,Vinte,11:00 AM - 7:00 PM
656,Izio,8:00 AM - 4:00 PM
657,Bubblemix,10:00 AM - 6:00 PM
658,Photojam,8:00 AM - 4:00 PM
659,Brainlounge,9:00 AM - 5:00 PM
660,Fatz,9:00 AM - 5:00 PM
661,InnoZ,7:00 AM - 3:00 PM
662,Jaxspan,10:00 AM - 6:00 PM
663,Katz,9:30 AM - 5:30 PM
664,Tanoodle,8:30 AM - 4:30 PM
665,Rhynoodle,8:30 AM - 4:30 PM
666,Tekfly,9:30 AM - 5:30 PM
667,Skyvu,9:30 AM - 5:30 PM
668,Zoombeat,8:00 AM - 4:00 PM
669,Kayveo,8:00 AM - 4:00 PM
670,Fiveclub,10:00 AM - 6:00 PM
671,Muxo,7:00 AM - 3:00 PM
672,Roodel,8:00 AM - 4:00 PM
673,Zoomzone,9:00 AM - 5:00 PM
674,Dabtype,7:00 AM - 3:00 PM
675,Lazzy,8:00 AM - 4:00 PM
676,Brainlounge,9:00 AM - 5:00 PM
677,Twiyo,9:00 AM - 5:00 PM
678,Digitube,7:00 AM - 3:00 PM
679,Eadel,10:00 AM - 6:00 PM
680,Tazz,9:30 AM - 5:30 PM
681,Twiyo,9:00 AM - 5:00 PM
682,Skipstorm,10:00 AM - 6:00 PM
683,Quamba,11:00 AM - 7:00 PM
684,Wikizz,7:00 AM - 3:00 PM
685,Twitterbeat,9:30 AM - 5:30 PM
686,Rhycero,8:00 AM - 4:00 PM
687,Meejo,7:00 AM - 3:00 PM
688,Flipbug,8:30 AM - 4:30 PM
689,Trudoo,9:00 AM - 5:00 PM
690,Gabspot,9:30 AM - 5:30 PM
691,Photojam,8:00 AM - 4:00 PM
692,Devify,11:00 AM - 7:00 PM
693,Demizz,10:00 AM - 6:00 PM
694,Jabbertype,8:30 AM - 4:30 PM
695,Topiclounge,8:00 AM - 4:00 PM
696,Feedfire,7:00 AM - 3:00 PM
697,Livepath,7:00 AM - 3:00 PM
698,DabZ,8:00 AM - 4:00 PM
699,Zoomdog,9:30 AM - 5:30 PM
700,Katz,11:00 AM - 7:00 PM
701,Fiveclub,9:00 AM - 5:00 PM
702,Bubbletube,9:00 AM - 5:00 PM
703,Gigashots,7:00 AM - 3:00 PM
704,Flashpoint,9:00 AM - 5:00 PM
705,Dabfeed,11:00 AM - 7:00 PM
706,Myworks,11:00 AM - 7:00 PM
707,Trunyx,8:00 AM - 4:00 PM
708,Trupe,11:00 AM - 7:00 PM
709,Oyoloo,9:30 AM - 5:30 PM
710,Livetube,7:00 AM - 3:00 PM
711,Midel,9:00 AM - 5:00 PM
712,Demimbu,11:00 AM - 7:00 PM
713,Voonix,10:00 AM - 6:00 PM
714,Demivee,8:00 AM - 4:00 PM
715,Quatz,9:00 AM - 5:00 PM
716,Browsezoom,11:00 AM - 7:00 PM
717,Meevee,8:00 AM - 4:00 PM
718,Izio,9:30 AM - 5:30 PM
719,Skinte,9:00 AM - 5:00 PM
720,Voonyx,9:30 AM - 5:30 PM
721,Flipopia,7:00 AM - 3:00 PM
722,Kwinu,7:00 AM - 3:00 PM
723,Meeveo,8:30 AM - 4:30 PM
724,Shuffledrive,9:00 AM - 5:00 PM
725,Centidel,11:00 AM - 7:00 PM
726,Realbridge,11:00 AM - 7:00 PM
727,Pixonyx,8:30 AM - 4:30 PM
728,Realcube,11:00 AM - 7:00 PM
729,Mynte,9:00 AM - 5:00 PM
730,Yoveo,11:00 AM - 7:00 PM
731,Devpulse,9:00 AM - 5:00 PM
732,Devpoint,9:00 AM - 5:00 PM
733,Skinder,8:00 AM - 4:00 PM
734,Flipstorm,9:30 AM - 5:30 PM
735,Fanoodle,7:00 AM - 3:00 PM
736,Jaxnation,11:00 AM - 7:00 PM
737,Skimia,9:00 AM - 5:00 PM
738,Zoomcast,9:30 AM - 5:30 PM
739,Trilia,8:00 AM - 4:00 PM
740,Ainyx,10:00 AM - 6:00 PM
741,Centizu,9:30 AM - 5:30 PM
742,Blogtags,9:30 AM - 5:30 PM
743,Skimia,7:00 AM - 3:00 PM
744,Dynabox,8:00 AM - 4:00 PM
745,Quinu,8:30 AM - 4:30 PM
746,Zoonder,8:00 AM - 4:00 PM
747,Edgeclub,8:30 AM - 4:30 PM
748,Jatri,9:00 AM - 5:00 PM
749,Livefish,9:30 AM - 5:30 PM
750,Npath,8:00 AM - 4:00 PM
751,Wikizz,8:30 AM - 4:30 PM
752,Latz,10:00 AM - 6:00 PM
753,Thoughtworks,9:00 AM - 5:00 PM
754,Omba,11:00 AM - 7:00 PM
755,Wordpedia,9:00 AM - 5:00 PM
756,Linktype,7:00 AM - 3:00 PM
757,Flashset,11:00 AM - 7:00 PM
758,Vinder,9:00 AM - 5:00 PM
759,Flashpoint,8:00 AM - 4:00 PM
760,Lazzy,11:00 AM - 7:00 PM
761,Bubbletube,8:30 AM - 4:30 PM
762,Edgeblab,10:00 AM - 6:00 PM
763,Wikibox,9:00 AM - 5:00 PM
764,Wikido,7:00 AM - 3:00 PM
765,Podcat,8:30 AM - 4:30 PM
766,Gigabox,7:00 AM - 3:00 PM
767,Meevee,7:00 AM - 3:00 PM
768,Browsetype,9:30 AM - 5:30 PM
769,Skilith,8:30 AM - 4:30 PM
770,Wordtune,7:00 AM - 3:00 PM
771,Roombo,9:00 AM - 5:00 PM
772,Centimia,11:00 AM - 7:00 PM
773,Cogilith,10:00 AM - 6:00 PM
774,Centidel,10:00 AM - 6:00 PM
775,Yotz,7:00 AM - 3:00 PM
776,Nlounge,8:00 AM - 4:00 PM
777,Vidoo,8:00 AM - 4:00 PM
778,Chatterbridge,8:00 AM - 4:00 PM
779,Rooxo,8:00 AM - 4:00 PM
780,Abata,11:00 AM - 7:00 PM
781,Kamba,9:30 AM - 5:30 PM
782,Aivee,10:00 AM - 6:00 PM
783,Meembee,11:00 AM - 7:00 PM
784,Trupe,7:00 AM - 3:00 PM
785,Cogidoo,8:00 AM - 4:00 PM
786,Topiczoom,8:00 AM - 4:00 PM
787,Rhyzio,10:00 AM - 6:00 PM
788,Mydeo,9:30 AM - 5:30 PM
789,Eabox,8:30 AM - 4:30 PM
790,Quatz,10:00 AM - 6:00 PM
791,Flashspan,8:30 AM - 4:30 PM
792,Vitz,11:00 AM - 7:00 PM
793,Leenti,9:30 AM - 5:30 PM
794,Skilith,10:00 AM - 6:00 PM
795,Feedbug,9:30 AM - 5:30 PM
796,Tagopia,8:00 AM - 4:00 PM
797,Meedoo,7:00 AM - 3:00 PM
798,Blogspan,9:30 AM - 5:30 PM
799,Zava,10:00 AM - 6:00 PM
800,Jaloo,8:30 AM - 4:30 PM
801,Aimbu,10:00 AM - 6:00 PM
802,Eamia,11:00 AM - 7:00 PM
803,Eidel,8:30 AM - 4:30 PM
804,Kwinu,8:00 AM - 4:00 PM
805,Livefish,8:00 AM - 4:00 PM
806,Jetwire,9:00 AM - 5:00 PM
807,Tagchat,7:00 AM - 3:00 PM
808,Fatz,9:30 AM - 5:30 PM
809,Jetwire,10:00 AM - 6:00 PM
810,Skimia,8:00 AM - 4:00 PM
811,Eimbee,10:00 AM - 6:00 PM
812,Kamba,9:30 AM - 5:30 PM
813,Youspan,10:00 AM - 6:00 PM
814,Browseblab,9:30 AM - 5:30 PM
815,Voonix,10:00 AM - 6:00 PM
816,Flipopia,9:00 AM - 5:00 PM
817,Photobug,10:00 AM - 6:00 PM
818,Livetube,8:00 AM - 4:00 PM
819,Quimba,11:00 AM - 7:00 PM
820,Jaxworks,9:30 AM - 5:30 PM
821,Thoughtstorm,10:00 AM - 6:00 PM
822,Blogtags,8:30 AM - 4:30 PM
823,Kwideo,9:00 AM - 5:00 PM
824,Dynabox,8:30 AM - 4:30 PM
825,Flashpoint,9:00 AM - 5:00 PM
826,Roombo,11:00 AM - 7:00 PM
827,Brainsphere,9:00 AM - 5:00 PM
828,Npath,9:00 AM - 5:00 PM
829,Gabvine,8:00 AM - 4:00 PM
830,Riffpedia,8:00 AM - 4:00 PM
831,Roodel,8:00 AM - 4:00 PM
832,Photobug,8:00 AM - 4:00 PM
833,Bubblebox,10:00 AM - 6:00 PM
834,Devpoint,9:30 AM - 5:30 PM
835,Zoomcast,10:00 AM - 6:00 PM
836,DabZ,9:00 AM - 5:00 PM
837,Gigashots,9:00 AM - 5:00 PM
838,Skynoodle,7:00 AM - 3:00 PM
839,Thoughtbridge,8:00 AM - 4:00 PM
840,Quire,8:30 AM - 4:30 PM
841,Edgeify,11:00 AM - 7:00 PM
842,Photobug,7:00 AM - 3:00 PM
843,Twinder,9:30 AM - 5:30 PM
844,Fatz,8:00 AM - 4:00 PM
845,Zoomlounge,9:00 AM - 5:00 PM
846,Bluejam,8:30 AM - 4:30 PM
847,Linklinks,9:30 AM - 5:30 PM
848,Voonyx,9:30 AM - 5:30 PM
849,Dabjam,8:30 AM - 4:30 PM
850,Dazzlesphere,8:00 AM - 4:00 PM
851,Flipbug,8:00 AM - 4:00 PM
852,Kare,11:00 AM - 7:00 PM
853,Skidoo,7:00 AM - 3:00 PM
854,Realcube,7:00 AM - 3:00 PM
855,Skyble,11:00 AM - 7:00 PM
856,Meembee,9:00 AM - 5:00 PM
857,Tekfly,8:30 AM - 4:30 PM
858,Cogilith,9:30 AM - 5:30 PM
859,Tagcat,7:00 AM - 3:00 PM
860,Trupe,11:00 AM - 7:00 PM
861,Twitterlist,7:00 AM - 3:00 PM
862,Twitternation,10:00 AM - 6:00 PM
863,Browsebug,9:00 AM - 5:00 PM
864,Linklinks,9:00 AM - 5:00 PM
865,Babbleblab,11:00 AM - 7:00 PM
866,Feedfish,8:00 AM - 4:00 PM
867,Thoughtblab,9:30 AM - 5:30 PM
868,Twinte,8:00 AM - 4:00 PM
869,Npath,10:00 AM - 6:00 PM
870,Voolith,7:00 AM - 3:00 PM
871,Oyoba,7:00 AM - 3:00 PM
872,Thoughtsphere,11:00 AM - 7:00 PM
873,Topicstorm,9:00 AM - 5:00 PM
874,Einti,9:00 AM - 5:00 PM
875,Fivechat,10:00 AM - 6:00 PM
876,Kwimbee,10:00 AM - 6:00 PM
877,Feedbug,9:30 AM - 5:30 PM
878,Wikibox,9:30 AM - 5:30 PM
879,Ooba,11:00 AM - 7:00 PM
880,Centizu,9:30 AM - 5:30 PM
881,Feednation,8:30 AM - 4:30 PM
882,Voonte,11:00 AM - 7:00 PM
883,Dablist,7:00 AM - 3:00 PM
884,Thoughtbeat,10:00 AM - 6:00 PM
885,Omba,8:00 AM - 4:00 PM
886,Vitz,9:00 AM - 5:00 PM
887,Zoomdog,11:00 AM - 7:00 PM
888,Oyondu,8:30 AM - 4:30 PM
889,Thoughtstorm,9:30 AM - 5:30 PM
890,Jazzy,10:00 AM - 6:00 PM
891,Pixoboo,9:00 AM - 5:00 PM
892,BlogXS,11:00 AM - 7:00 PM
893,Dynabox,11:00 AM - 7:00 PM
894,Youbridge,7:00 AM - 3:00 PM
895,Dablist,9:00 AM - 5:00 PM
896,Dynabox,9:00 AM - 5:00 PM
897,Twitternation,9:30 AM - 5:30 PM
898,Shufflebeat,7:00 AM - 3:00 PM
899,Twiyo,11:00 AM - 7:00 PM
900,Agivu,7:00 AM - 3:00 PM
901,Wordware,10:00 AM - 6:00 PM
902,Thoughtstorm,11:00 AM - 7:00 PM
903,Flashset,7:00 AM - 3:00 PM
904,Janyx,11:00 AM - 7:00 PM
905,Brightdog,7:00 AM - 3:00 PM
906,Avamm,9:00 AM - 5:00 PM
907,Zoovu,11:00 AM - 7:00 PM
908,Voomm,9:00 AM - 5:00 PM
909,Voonte,9:30 AM - 5:30 PM
910,Avaveo,11:00 AM - 7:00 PM
911,Thoughtmix,11:00 AM - 7:00 PM
912,Yakidoo,9:30 AM - 5:30 PM
913,Oodoo,8:00 AM - 4:00 PM
914,Demizz,11:00 AM - 7:00 PM
915,Myworks,8:30 AM - 4:30 PM
916,Dynabox,9:30 AM - 5:30 PM
917,Jayo,11:00 AM - 7:00 PM
918,Jaxspan,11:00 AM - 7:00 PM
919,Brainverse,8:00 AM - 4:00 PM
920,Jetpulse,9:00 AM - 5:00 PM
921,Tekfly,8:30 AM - 4:30 PM
922,Oyonder,9:30 AM - 5:30 PM
923,Dabtype,9:30 AM - 5:30 PM
924,Mudo,9:00 AM - 5:00 PM
925,Voonix,9:30 AM - 5:30 PM
926,Avaveo,8:30 AM - 4:30 PM
927,Yombu,9:00 AM - 5:00 PM
928,Kare,11:00 AM - 7:00 PM
929,Abatz,8:00 AM - 4:00 PM
930,Kamba,11:00 AM - 7:00 PM
931,Eabox,9:00 AM - 5:00 PM
932,Bubblemix,7:00 AM - 3:00 PM
933,Eazzy,9:00 AM - 5:00 PM
934,Innotype,10:00 AM - 6:00 PM
935,Livetube,9:30 AM - 5:30 PM
936,Yodoo,8:00 AM - 4:00 PM
937,Tazzy,8:00 AM - 4:00 PM
938,Realbuzz,9:00 AM - 5:00 PM
939,Fivechat,8:30 AM - 4:30 PM
940,Yotz,10:00 AM - 6:00 PM
941,Browsecat,9:30 AM - 5:30 PM
942,Mymm,10:00 AM - 6:00 PM
943,Vidoo,8:30 AM - 4:30 PM
944,Latz,11:00 AM - 7:00 PM
945,Flashset,10:00 AM - 6:00 PM
946,Feedmix,8:00 AM - 4:00 PM
947,Wordtune,10:00 AM - 6:00 PM
948,Skidoo,11:00 AM - 7:00 PM
949,Ooba,8:00 AM - 4:00 PM
950,Jaxbean,7:00 AM - 3:00 PM
951,Camimbo,11:00 AM - 7:00 PM
952,Kanoodle,8:00 AM - 4:00 PM
953,Oyoba,8:00 AM - 4:00 PM
954,Trudoo,9:30 AM - 5:30 PM
955,Pixope,10:00 AM - 6:00 PM
956,Babbleset,9:00 AM - 5:00 PM
957,Bubbletube,11:00 AM - 7:00 PM
958,Eire,9:30 AM - 5:30 PM
959,Skyvu,9:30 AM - 5:30 PM
960,Avaveo,7:00 AM - 3:00 PM
961,Realcube,8:00 AM - 4:00 PM
962,Quire,8:00 AM - 4:00 PM
963,Lajo,8:00 AM - 4:00 PM
964,Jazzy,9:00 AM - 5:00 PM
965,Oyoyo,9:00 AM - 5:00 PM
966,Browsebug,9:00 AM - 5:00 PM
967,Flashpoint,7:00 AM - 3:00 PM
968,Yakidoo,10:00 AM - 6:00 PM
969,Meeveo,10:00 AM - 6:00 PM
970,Yoveo,8:00 AM - 4:00 PM
971,Edgewire,8:00 AM - 4:00 PM
972,Skipstorm,7:00 AM - 3:00 PM
973,Twinder,9:00 AM - 5:00 PM
974,Skalith,9:00 AM - 5:00 PM
975,Voolia,8:30 AM - 4:30 PM
976,Twiyo,9:30 AM - 5:30 PM
977,Devpulse,7:00 AM - 3:00 PM
978,Jabberstorm,9:30 AM - 5:30 PM
979,Zoombox,8:30 AM - 4:30 PM
980,Buzzbean,9:00 AM - 5:00 PM
981,Topicblab,11:00 AM - 7:00 PM
982,Twinder,8:30 AM - 4:30 PM
983,Jaxspan,11:00 AM - 7:00 PM
984,Topicshots,7:00 AM - 3:00 PM
985,Brainbox,10:00 AM - 6:00 PM
986,Eabox,9:00 AM - 5:00 PM
987,Viva,9:00 AM - 5:00 PM
988,Feedfish,8:00 AM - 4:00 PM
989,Youbridge,9:00 AM - 5:00 PM
990,Dablist,10:00 AM - 6:00 PM
991,Youopia,9:00 AM - 5:00 PM
992,Feedbug,8:00 AM - 4:00 PM
993,Rhynoodle,10:00 AM - 6:00 PM
994,Photojam,10:00 AM - 6:00 PM
995,Blogspan,9:30 AM - 5:30 PM
996,Cogidoo,8:00 AM - 4:00 PM
997,Ozu,9:00 AM - 5:00 PM
998,Eazzy,7:00 AM - 3:00 PM
999,Zazio,8:00 AM - 4:00 PM
1000,Youfeed,10:00 AM - 6:00 PM
