MemberID,Name,Surname,MembershipStartDate
1,Brian,Thombleson,2023-05-23 08:43:51
2,Bink,Grigoryev,2022-06-24 01:57:58
3,Mignon,Lucken,2020-12-13 22:49:29
4,Reggis,Drains,2020-12-27 13:13:30
5,Ula,Hawksworth,2023-05-13 01:07:32
6,Emily,Chatelet,2023-01-01 12:06:05
7,Aggie,Bumby,2021-12-07 14:59:17
8,Yuri,Rudwell,2022-03-14 04:22:26
9,Cord,Orrill,2023-05-29 07:27:56
10,Adora,MacHostie,2023-06-06 21:37:46
11,Emmye,Miche,2022-07-16 00:46:19
12,Winona,Sharple,2022-01-14 12:42:31
13,Christoforo,Culross,2023-01-22 05:21:07
14,Hilary,Dannatt,2023-10-31 11:24:19
15,Jacqueline,Custy,2022-11-20 12:36:59
16,Bobette,Kibard,2023-02-19 02:33:51
17,Koo,Hamstead,2021-05-22 09:13:40
18,Robert,Johnstone,2023-12-05 09:12:05
19,Auria,Foran,2021-09-18 07:00:19
20,Reta,Angus,2023-08-10 00:18:19
21,Sancho,Went,2023-01-22 14:04:12
22,Inessa,Rippen,2021-04-02 20:38:12
23,Zia,Neles,2021-08-19 04:07:43
24,Alessandro,Simonite,2022-12-19 20:16:52
25,Marlow,Cattrall,2022-05-11 17:02:51
26,Gaile,Caple,2022-03-05 15:59:58
27,Doralynne,Lapidus,2021-03-22 08:42:58
28,Gretel,Blanch,2023-08-24 03:27:43
29,Theodoric,McKinney,2021-10-15 18:59:49
30,Mavra,Partington,2023-03-24 19:13:53
31,Stanislaw,Conyard,2023-10-05 08:40:42
32,Barnie,Matthiae,2022-04-26 12:58:20
33,Dirk,Chilvers,2021-05-09 12:03:38
34,Perl,Badder,2023-08-01 10:21:49
35,Ulick,Playle,2023-08-19 15:18:08
36,Lusa,Libbie,2023-01-04 09:30:36
37,Petrina,Corsan,2022-08-20 15:38:47
38,Margo,Pakeman,2022-02-06 22:46:38
39,Rudolf,Batman,2021-09-03 14:29:30
40,Yehudi,Maxweell,2021-02-03 10:53:49
41,Phillipe,Grosvenor,2021-09-05 18:13:14
42,Brnaba,Arran,2023-06-21 03:50:23
43,Griffie,Biers,2022-12-11 04:44:55
44,Barty,Benam,2023-10-19 14:01:31
45,Cordelie,Yakubovics,2022-02-23 08:30:25
46,Laurence,Pietrzyk,2022-05-29 18:15:15
47,Erwin,McVittie,2022-10-11 22:36:27
48,Tanny,Langstone,2021-11-05 20:15:10
49,Cathlene,Duffield,2022-06-15 21:07:29
50,Hannis,Titheridge,2021-10-23 09:45:15
51,Constanta,Toten,2021-01-04 12:40:01
52,Ceil,Matson,2021-11-24 03:56:21
53,Halette,Plaide,2021-02-09 03:51:35
54,Winnifred,Flores,2023-01-02 20:49:52
55,Quinton,Surgison,2023-06-24 17:49:20
56,Prudence,Girodier,2023-07-23 22:55:59
57,Thatcher,McBean,2022-07-17 13:20:28
58,Estelle,Pyett,2022-12-13 04:28:17
59,Drew,Steuart,2021-03-12 06:02:11
60,Ingrid,McGennis,2022-03-05 06:36:54
61,Barbara-anne,Benbough,2021-11-15 02:37:56
62,Christos,Sherburn,2022-05-26 21:23:59
63,Augustus,Hunnicutt,2023-01-17 14:54:43
64,Jon,Mollatt,2021-11-29 16:56:00
65,Sada,Tough,2023-12-04 11:22:38
66,Ericha,Beazer,2021-01-24 01:29:58
67,Hillyer,Woolacott,2023-10-19 00:20:00
68,Angelika,Merrikin,2022-08-03 00:44:17
69,Samson,Suggitt,2021-11-14 03:39:09
70,Tynan,Ding,2021-05-28 12:26:36
71,Manon,Raoul,2023-06-15 02:17:00
72,Dorri,Coverly,2022-03-12 06:00:49
73,Ches,Skitral,2022-01-04 12:43:43
74,Kelsey,Cosgrove,2021-03-01 03:36:14
75,Manya,Readett,2022-01-26 08:05:12
76,Halsey,Moffatt,2021-03-26 13:33:13
77,Blanch,Carhart,2021-05-01 15:58:39
78,Gabriel,Fawley,2022-07-26 00:18:41
79,Augustina,Perotti,2021-08-07 11:53:59
80,Pepe,Gawthorp,2022-05-29 11:12:52
81,Davey,O'Lahy,2021-08-03 08:31:47
82,Welch,McQuaid,2023-02-28 12:46:25
83,Jasen,Cosstick,2022-08-10 09:28:52
84,Conan,Hazley,2021-12-29 23:13:19
85,Algernon,Fakeley,2021-02-07 12:33:16
86,Shara,Artiss,2022-09-17 03:50:37
87,Lorrin,Alessandretti,2021-09-22 03:57:54
88,Deeann,Herion,2022-01-24 06:11:40
89,Cedric,Bilt,2022-05-19 07:08:02
90,Des,Sazio,2022-04-23 12:29:39
91,Erv,Dicte,2021-02-20 23:03:01
92,Kimball,O'Drought,2021-06-15 01:39:06
93,Gayle,Horry,2023-02-20 17:34:25
94,Brodie,Polack,2021-12-23 15:44:10
95,Marquita,Christaeas,2020-12-25 17:42:20
96,Arluene,Burrell,2021-08-06 09:58:12
97,Fons,Sixsmith,2023-04-12 21:21:03
98,Maxim,Bosket,2022-04-11 10:37:05
99,Alard,Glaze,2021-06-24 02:49:07
100,Sabina,Cardoo,2022-10-19 17:56:46
101,Harriett,Feechan,2022-04-13 11:52:03
102,Cortney,O'Dreain,2021-03-09 14:37:36
103,Carmina,Pitherick,2021-05-02 05:32:37
104,Francklin,Gatecliff,2023-02-10 10:04:39
105,Roth,Worms,2021-09-16 18:31:40
106,Worth,Cometti,2021-01-14 21:49:54
107,Earle,Lohan,2022-03-23 05:37:28
108,Sunshine,Kirtlan,2023-06-26 03:19:55
109,Eudora,Cook,2023-11-02 10:09:56
110,Domingo,Meo,2022-07-29 18:29:01
111,Dunc,Hanwright,2023-06-16 15:57:57
112,Fields,Jecock,2023-10-23 03:43:18
113,Belle,De Banke,2022-02-12 21:53:40
114,Arni,Balwin,2021-02-02 17:03:43
115,Thibaut,Esser,2023-09-24 10:26:57
116,Doyle,Lomath,2021-06-12 02:52:11
117,Pansie,Tewkesbury,2021-02-20 18:45:16
118,Olivette,Giacobillo,2021-11-09 03:40:49
119,Aloise,Goldberg,2022-04-18 12:21:25
120,Dillon,Ruhben,2022-05-27 03:35:39
121,Holt,Goane,2021-08-31 07:30:13
122,Melba,Slaght,2021-06-15 20:13:55
123,Hyacinthie,Molian,2022-10-30 18:02:27
124,Patrizio,Sheather,2021-09-10 07:02:52
125,Christiano,Fonso,2023-09-21 20:22:26
126,Regan,MacGettigen,2021-01-10 14:42:45
127,Dev,Rae,2023-04-23 14:47:34
128,Sabina,Standbridge,2023-04-11 22:28:56
129,Clayton,Mccaull,2022-09-06 21:18:20
130,Latia,Weeke,2023-02-13 20:51:07
131,Hastie,Bisgrove,2022-12-23 05:58:10
132,Barbette,Larrosa,2023-10-27 23:47:31
133,Janis,Klyner,2023-06-01 12:17:15
134,Thorndike,de Voiels,2023-12-01 14:34:52
135,Bernard,Ivashinnikov,2021-03-09 17:09:12
136,Bamby,Chamney,2022-01-19 23:17:42
137,Ricardo,Van der Son,2021-05-01 14:33:25
138,Jeramie,Rubinowitch,2021-07-17 23:55:23
139,Annabela,Cottell,2022-03-09 22:10:02
140,Marv,Tuddall,2022-06-13 06:52:54
141,Erhart,Schwier,2022-01-29 02:02:18
142,Melany,Josephson,2023-07-10 23:47:23
143,Starlin,Geddes,2021-11-01 13:00:09
144,Bertie,Maciejewski,2021-09-18 11:15:59
145,Ford,Kobu,2021-10-05 01:57:07
146,Trish,Godain,2022-03-31 05:44:22
147,Cort,Folley,2023-12-10 02:43:02
148,Urson,Pryn,2023-04-26 19:00:32
149,Cloe,Yushankin,2023-09-20 05:53:33
150,Erasmus,Goodding,2022-10-30 05:29:54
151,Brennen,Dobbings,2021-01-17 11:17:41
152,Tulley,Cranstoun,2021-05-21 19:46:48
153,Leena,Plet,2022-10-15 08:49:29
154,Reggy,Cooney,2021-07-10 06:30:01
155,Xever,Moreton,2021-10-10 16:05:31
156,Victor,Bellfield,2020-12-13 22:06:46
157,Tedda,Pampling,2021-10-07 03:48:27
158,Lonny,Lovewell,2022-01-10 23:20:57
159,Dorette,Overpool,2021-01-07 19:41:10
160,Colby,Aldritt,2022-06-21 06:12:44
161,Carlota,Tollet,2023-09-04 16:30:16
162,Murdoch,Blythe,2021-10-09 22:27:45
163,Jose,Shall,2022-11-24 03:45:50
164,Ivy,Coady,2022-06-23 21:00:54
165,Tony,Dumphreys,2022-03-09 10:17:00
166,Cathyleen,Dunmore,2023-05-27 18:29:02
167,Micheil,Gulliman,2022-03-08 06:39:50
168,Cloris,Choulerton,2023-01-03 05:02:27
169,Gnni,Grzegorek,2023-11-03 09:56:54
170,Pincas,Gleader,2022-04-27 20:42:38
171,Chaddie,Lenchenko,2023-05-25 23:54:08
172,Dicky,Catt,2021-03-16 17:59:58
173,Chan,Dunbleton,2021-05-09 02:11:26
174,Brenden,MacCook,2023-08-20 00:44:39
175,Lawton,Bredes,2023-02-27 11:47:40
176,Jose,McGrail,2021-01-29 23:13:24
177,Samantha,Weekly,2022-09-10 21:12:20
178,Courtenay,Clewett,2022-05-01 22:48:30
179,Arly,Twitty,2023-07-08 00:58:08
180,Frannie,Crampsey,2023-02-08 20:19:03
181,Carline,Meaking,2021-11-21 14:28:12
182,Levon,Nowland,2021-08-22 01:35:55
183,Dennis,Meese,2022-08-30 20:58:31
184,Orv,Prendeguest,2021-03-04 01:57:09
185,Tabb,Slite,2021-03-22 06:11:12
186,Innis,Doddrell,2021-04-27 21:11:19
187,Celestia,Janeczek,2022-12-27 01:17:08
188,Abran,Jouandet,2021-06-21 01:36:16
189,Kyle,Eastwell,2021-10-05 13:47:01
190,Vergil,Headon,2023-08-24 21:41:23
191,Chuck,Denford,2023-04-20 10:21:45
192,Jaclin,Kunkel,2021-09-15 10:01:25
193,Rusty,Cases,2022-09-12 03:33:50
194,Melitta,Le Merchant,2023-06-24 15:49:08
195,Derick,Liebrecht,2021-09-29 13:16:01
196,Mia,O'Deegan,2023-11-07 14:46:50
197,Reeta,Satterthwaite,2022-01-15 23:44:10
198,Ingunna,Schubbert,2023-11-30 01:00:23
199,Timmi,Leahy,2022-02-21 01:29:34
200,Arlin,Napolitano,2022-04-12 13:59:46
201,Alessandra,Easman,2021-08-11 04:10:16
202,Vinny,Mcmanaman,2023-05-29 16:56:04
203,Kipp,Beauman,2022-10-18 23:53:32
204,Inness,Bradman,2023-12-06 08:54:07
205,Gloriana,Diwell,2022-05-11 21:09:13
206,Trisha,McCollum,2023-10-15 23:40:35
207,Farand,Lorenzin,2022-12-09 14:37:43
208,Brandy,Cambling,2022-08-08 12:32:42
209,Gladys,Knowlden,2022-01-01 22:29:50
210,Hughie,Trodden,2022-05-08 12:23:06
211,Sayre,Resun,2021-04-20 15:15:48
212,Rosie,Lyddiatt,2023-04-13 15:53:43
213,Grant,Jeaffreson,2022-07-04 16:34:34
214,Adolpho,Etuck,2022-07-29 14:04:59
215,Gaston,Gozney,2022-04-22 16:42:48
216,Gris,Treswell,2021-02-13 10:55:39
217,Barny,Haggish,2021-09-16 09:53:43
218,Robbert,Mateescu,2023-03-09 07:47:42
219,Sephira,Gallego,2022-03-21 16:56:01
220,Maurise,Arter,2022-01-23 08:30:37
221,Claretta,Gofford,2021-10-09 22:39:59
222,Christina,Orred,2023-06-06 07:39:00
223,Angelo,Ginner,2023-06-14 01:38:40
224,Garek,Eggerton,2021-10-12 15:26:52
225,Dawn,Abbatucci,2022-05-09 16:52:04
226,Katerine,Dewing,2021-10-01 21:39:19
227,Bret,De Antoni,2023-06-09 14:40:51
228,Taddeo,Goley,2023-04-20 12:37:14
229,Mozelle,O'Sesnane,2023-08-28 21:37:46
230,Arly,Raffon,2021-10-27 07:55:55
231,Teressa,Kittle,2022-09-16 12:00:25
232,Arte,Loosmore,2022-12-01 12:20:28
233,Egbert,Ilyinykh,2023-03-25 02:10:14
234,Fair,Bowne,2022-03-17 23:59:11
235,Merrick,Hurkett,2022-06-07 21:46:29
236,Gabie,Iacovo,2021-02-11 22:22:20
237,Louis,Koop,2023-01-30 22:27:38
238,Moss,Woolsey,2021-11-15 22:48:30
239,Laney,Blackater,2022-02-21 09:16:14
240,Yardley,Selbie,2023-01-18 19:38:36
241,Sheila,Dowda,2023-02-04 21:24:37
242,Rene,Maccrea,2022-03-20 01:54:06
243,Juana,Walthew,2021-03-04 07:18:47
244,Renee,Antoniewicz,2023-01-05 12:22:35
245,Haze,Meadmore,2021-02-15 14:48:35
246,Marget,Saer,2021-07-21 10:32:22
247,Isiahi,Tollet,2022-09-09 05:29:09
248,Wallis,Paxforde,2021-02-03 23:39:03
249,Liam,Maudett,2022-02-03 16:27:26
250,Sheelagh,Heart,2021-02-13 10:35:22
251,Onfre,Costigan,2021-01-21 04:05:33
252,Gwenni,Walsh,2022-11-07 18:22:01
253,Giustina,Meiklam,2023-02-10 14:21:04
254,Udell,Kamien,2022-06-03 15:17:18
255,Carlotta,Bossons,2021-03-07 23:40:07
256,Yetty,Matejka,2023-10-20 19:22:31
257,Dudley,Beggan,2021-09-18 01:12:45
258,Leilah,Handrahan,2022-09-22 04:11:34
259,Joceline,Doctor,2022-04-30 17:36:51
260,Marlon,Derges,2021-07-25 12:55:29
261,Lilla,Sweetenham,2021-11-02 23:31:31
262,Ben,Knibley,2023-10-10 19:18:27
263,Cyndy,Meece,2022-11-03 10:31:30
264,Michal,Staples,2022-12-11 01:03:49
265,Enrico,Menicomb,2021-06-29 17:02:24
266,Honoria,Everex,2021-03-18 17:27:46
267,Ruthanne,Ladbury,2022-12-04 19:00:50
268,Shirline,Drayson,2021-08-28 03:32:02
269,Tyne,Moroney,2021-08-22 05:22:23
270,Fidelio,Harmson,2022-02-08 06:45:55
271,Aubry,Akeherst,2021-10-12 08:41:24
272,Tonya,Chinnery,2022-02-28 19:09:03
273,Sara-ann,Van Niekerk,2023-08-28 19:39:43
274,Jedediah,Perrie,2022-02-28 05:18:58
275,Krista,Jindrich,2022-01-11 08:52:21
276,Alyce,McCrostie,2023-07-10 02:06:15
277,Vic,Osant,2022-01-22 07:34:15
278,Luther,Durran,2023-05-15 08:10:00
279,Mohandis,Rippon,2022-06-09 19:45:30
280,Edee,Cowlard,2021-04-29 20:51:20
281,Janean,Padkin,2022-01-05 12:29:43
282,Natividad,Swin,2021-03-11 05:28:02
283,Kellen,Cavozzi,2021-04-13 05:48:33
284,Bab,Ivankin,2021-06-13 09:53:49
285,Alwyn,Spacy,2023-03-28 20:40:11
286,Yul,O'Carrol,2023-05-07 08:43:15
287,Rahel,Tourmell,2021-10-29 01:15:14
288,Edd,Harnwell,2021-02-15 18:49:42
289,Hyacinthe,Durtnall,2021-12-20 16:08:10
290,Haywood,McLeish,2022-12-08 11:34:36
291,Ezri,Mincher,2021-10-03 22:42:00
292,Antony,Benion,2022-01-23 21:27:50
293,Kerwinn,Whatling,2023-10-26 18:31:28
294,Jonathan,Erratt,2022-04-09 15:57:50
295,Jorey,Wetherhead,2021-10-18 17:54:26
296,Bertha,Josskovitz,2022-06-11 14:56:17
297,Chico,Nekrews,2022-05-04 18:16:13
298,Ethelin,Ratt,2022-08-07 12:48:28
299,Christye,Denidge,2021-09-22 18:37:03
300,Angelique,Syratt,2021-10-09 15:09:56
301,Deeanne,Amburgy,2021-12-30 02:28:26
302,Bradly,Sandeman,2021-12-06 03:51:17
303,Candra,Hutchinges,2022-07-17 02:46:03
304,Rolland,Ygoe,2021-10-05 06:01:15
305,Zsazsa,Scarth,2022-06-21 11:58:01
306,Gillan,Albrook,2023-06-30 23:04:43
307,Clayborn,Seaton,2022-04-26 09:18:15
308,Kriste,Drescher,2021-12-28 09:55:38
309,Lanni,Benech,2020-12-29 08:23:39
310,Janis,Peever,2021-04-24 14:02:25
311,Melisent,McElree,2023-03-12 15:37:06
312,Marissa,Kuna,2022-02-10 23:23:36
313,Joelly,Tuer,2022-04-13 16:32:32
314,Andriette,Parrington,2023-10-18 13:09:11
315,Shelley,Vader,2022-09-04 11:44:49
316,West,Coye,2022-12-16 00:16:19
317,Stephanie,Lamplough,2021-04-03 01:31:53
318,Karla,Garlic,2023-07-25 06:37:58
319,Jessey,Ruperti,2023-12-06 08:27:25
320,Erasmus,Cicci,2022-10-03 23:55:09
321,Dorene,Danzey,2023-06-08 02:08:40
322,Ingamar,Farnsworth,2021-04-16 13:10:59
323,Elfrida,Vannucci,2022-06-23 05:01:01
324,Edmon,Knights,2022-12-29 01:14:39
325,Heall,Aleksic,2021-12-17 20:23:36
326,Jacques,Candwell,2022-09-15 16:14:08
327,Rog,Whiteside,2023-05-27 05:37:33
328,Phyllida,Linstead,2020-12-17 16:59:59
329,Carolina,Bernette,2023-10-17 22:18:58
330,Alyse,McTeague,2022-01-11 18:16:34
331,Karly,Crofthwaite,2022-02-23 04:35:58
332,Oren,Capeloff,2021-12-25 09:20:48
333,Fons,Mompesson,2023-07-02 10:21:26
334,Gates,Dadson,2023-11-24 12:57:50
335,Faye,Marie,2022-06-07 23:01:59
336,Farrah,Edmeades,2023-07-04 14:42:13
337,Constantia,Lawford,2021-10-29 06:10:13
338,Joseph,Kelsall,2023-07-31 09:47:50
339,Gaye,Bernardino,2021-02-28 18:45:09
340,Becca,Sparry,2022-09-28 03:55:56
341,Angelina,Andreoletti,2022-04-27 18:00:09
342,Dorothee,Anning,2021-02-21 22:01:32
343,Lorrin,Polin,2022-07-31 06:30:46
344,Wayland,Marians,2022-04-24 23:17:24
345,Lucien,Kydd,2021-08-27 16:23:27
346,Erda,Langhor,2021-01-17 08:25:32
347,Oliviero,Pankethman,2022-06-17 08:38:13
348,Stephenie,Ekkel,2023-04-22 23:00:44
349,Amery,Van Der Vlies,2021-07-14 20:48:14
350,Auguste,Folbig,2021-06-07 12:12:32
351,Jacky,De Lascy,2021-02-26 05:49:59
352,Erena,Larchiere,2022-11-09 14:16:20
353,Clark,Downing,2022-12-12 03:14:14
354,Inga,Rudsdale,2023-06-01 22:05:48
355,Leonie,Lewsie,2023-03-08 07:17:35
356,Gypsy,Soitoux,2023-01-07 17:54:06
357,Querida,Alner,2021-09-12 08:21:14
358,Guthrie,Vittori,2023-01-29 03:33:53
359,Georgi,Ternott,2023-06-27 16:07:21
360,Corine,Zimek,2023-02-16 09:02:51
361,Ally,Cowhig,2023-02-12 22:40:30
362,Anselm,Pursey,2021-01-03 12:15:40
363,Ardelle,Waterland,2023-09-06 18:55:09
364,Eugenio,Scoggins,2022-07-03 18:40:26
365,Marlee,Chuter,2023-08-03 22:56:06
366,Udall,Demare,2021-03-20 11:10:57
367,Demetre,Ledur,2021-07-06 23:19:36
368,Engracia,Dubock,2022-11-02 02:28:11
369,Fabio,Lobley,2021-01-16 01:35:08
370,Morgen,Keuntje,2023-06-11 22:21:35
371,Jeddy,Lithcow,2022-08-31 20:06:14
372,Athene,Tolliday,2022-03-30 19:31:26
373,Jinny,Pomroy,2023-02-18 11:28:30
374,Reagen,Conner,2021-10-30 10:04:59
375,Alyosha,Kochl,2023-11-23 15:52:25
376,Pascale,Tonbridge,2023-08-16 13:39:32
377,Ashlee,Abadam,2023-09-09 14:39:13
378,Wylma,Ferrari,2023-09-14 18:39:07
379,Minne,Scutchin,2022-11-12 19:13:55
380,Angel,McPaike,2020-12-21 03:52:33
381,Erroll,Macy,2021-09-06 12:25:24
382,Lonna,Wickes,2021-10-26 15:41:30
383,Rockie,Faye,2023-01-23 06:58:47
384,Jaymie,Hindsberg,2021-03-15 18:55:36
385,Abbie,Linden,2022-12-02 15:31:51
386,Margie,Blayney,2023-02-17 06:47:21
387,Henderson,Galego,2021-03-12 06:08:07
388,Alano,Ive,2022-05-24 18:54:09
389,Merilee,Coomes,2023-01-16 03:59:37
390,Clemmie,Tummond,2022-07-31 19:45:11
391,Betta,Margrett,2021-03-04 16:18:05
392,Grazia,Alday,2021-12-14 16:17:41
393,Honor,Tineman,2023-01-17 14:55:44
394,Craggie,Holbarrow,2023-01-11 22:54:35
395,Patrizia,Friskey,2023-05-10 16:13:26
396,Lurleen,Bletsoe,2023-06-01 22:04:15
397,Garvin,Copeland,2023-02-21 20:53:32
398,Shanta,Karby,2021-12-01 00:14:41
399,Antonin,Murdoch,2022-07-30 11:14:12
400,Nickolaus,Walley,2022-09-01 18:44:42
401,Nyssa,Spours,2022-05-10 03:17:05
402,Kirsten,Cuardall,2022-07-13 06:00:10
403,Cornell,Freund,2022-08-05 12:29:31
404,Belle,Carson,2021-02-24 14:48:48
405,Kandace,Murney,2021-09-24 05:37:31
406,Syd,Recke,2021-03-06 22:19:00
407,Andrus,Addis,2022-12-20 15:49:32
408,Glenn,Dunaway,2022-01-21 02:01:04
409,Neils,Van der Baaren,2023-03-16 19:16:41
410,Abraham,Puttock,2021-05-06 19:42:08
411,Michelle,Wingate,2021-07-12 18:02:18
412,Inessa,Tangye,2022-06-05 09:24:43
413,Pattie,Ladel,2023-10-11 13:11:13
414,Corney,Gravener,2022-08-26 13:57:13
415,Emmerich,Cohr,2022-07-11 03:01:11
416,Charmane,Gateshill,2023-05-11 14:21:05
417,Beniamino,Swidenbank,2023-07-15 16:33:21
418,Casar,Aspray,2022-08-26 04:01:56
419,Erek,Askaw,2022-07-20 15:40:01
420,Alphonse,Amorts,2023-03-18 12:00:39
421,Saxon,Holligan,2023-02-11 11:17:06
422,Silas,Mulvagh,2023-08-11 13:47:55
423,Cordy,Di Maria,2023-05-01 12:47:34
424,Lucille,Labram,2021-10-12 15:37:20
425,Doug,Derges,2021-05-15 06:14:30
426,Roddie,Jewks,2022-01-16 17:49:05
427,Vivyan,Aubert,2021-01-15 15:24:34
428,Erik,Knock,2021-08-16 04:59:27
429,Vania,Barnett,2023-07-13 19:10:28
430,Candy,Oman,2023-07-06 04:11:49
431,Vergil,Banham,2021-05-01 06:29:58
432,Maiga,Chafer,2021-12-09 20:43:33
433,Bridgette,Maleham,2022-02-07 19:15:34
434,Clara,Hindenberger,2023-10-03 19:30:11
435,Frederica,Affuso,2022-01-29 18:54:38
436,Jeramey,Chalfant,2021-02-18 06:47:16
437,Xylina,Millea,2022-07-16 23:06:24
438,Klaus,Albertson,2021-06-17 15:11:58
439,Clementia,Jentle,2022-03-10 18:42:35
440,Stevana,Bitten,2022-04-03 23:40:18
441,Jacklin,McCoole,2021-06-26 20:02:37
442,Minnie,Gulliford,2023-05-13 02:00:24
443,Selena,Bothe,2023-04-20 18:46:34
444,Joline,Yukhtin,2022-10-04 16:04:50
445,Neils,Adcocks,2022-03-17 13:50:46
446,Elysee,Barkaway,2021-11-08 02:58:02
447,Karylin,Lindelof,2022-08-15 15:18:44
448,Maddie,Grain,2023-06-14 03:19:44
449,Alisha,Dyas,2021-08-14 22:21:25
450,Emmerich,Helix,2022-03-09 20:18:55
451,Claudina,Abreheart,2023-04-15 12:55:10
452,Casar,McCallion,2021-10-07 12:36:08
453,Sean,Rope,2021-03-24 18:29:01
454,Edlin,Greatbanks,2021-02-19 07:10:01
455,Lizette,Kunes,2023-08-15 11:58:32
456,Minni,Meecher,2022-02-10 10:53:46
457,Antonie,Cardenas,2023-05-28 11:54:50
458,Krystalle,Verlinden,2021-11-27 14:31:28
459,Pinchas,Dronsfield,2023-09-18 22:32:43
460,Alfredo,Blaylock,2022-10-29 19:25:23
461,Bridget,Strangeways,2022-02-07 06:13:49
462,Nick,Lyfield,2022-08-03 19:11:12
463,Werner,Dy,2023-06-13 08:43:08
464,Brock,Mazzilli,2023-08-20 07:27:08
465,Delmer,Twiddell,2021-01-18 11:50:46
466,Lavena,Salle,2021-01-29 03:44:08
467,Robert,Manser,2022-09-29 03:11:04
468,Gabie,Creighton,2022-07-05 04:07:31
469,Sheffy,Salzburger,2022-05-02 04:21:34
470,Sheridan,Bedenham,2022-06-04 12:52:18
471,Hinze,Tewkesberrie,2021-12-17 22:20:31
472,Shay,Caplin,2022-01-22 15:35:56
473,Corney,Schwanden,2022-03-28 22:28:25
474,Inglebert,Soar,2021-09-30 07:56:23
475,Venus,Wimpress,2022-11-19 21:11:23
476,Christiana,O'Codihie,2021-02-08 18:33:46
477,Margaretha,Tunna,2023-08-28 21:18:37
478,Christy,Riediger,2022-12-01 09:00:22
479,Bertha,Clotworthy,2023-09-06 12:27:39
480,Mace,Mullane,2022-11-22 06:07:13
481,Jacky,Edlyn,2022-01-31 06:14:15
482,Hebert,Rollingson,2023-10-31 00:08:25
483,Gothart,Leacock,2023-10-03 11:11:59
484,Binnie,Touret,2022-02-11 13:18:51
485,Sibel,Drogan,2022-02-24 12:55:48
486,Joyann,Borrie,2021-09-22 22:14:00
487,Eberhard,Piwell,2021-07-30 13:17:59
488,Bianka,Glyne,2023-04-07 09:14:02
489,Federico,Gordon,2021-09-16 22:02:15
490,Niles,Butler-Bowdon,2023-05-03 18:29:07
491,Elfie,Scourfield,2023-09-21 02:37:02
492,Reade,Cardenas,2021-12-15 22:59:39
493,Tomasine,Hannay,2023-11-19 22:08:47
494,Marcus,Jadczak,2023-09-03 20:48:01
495,Emmery,Rawling,2023-01-15 21:50:16
496,Sarena,Symington,2023-12-09 12:57:34
497,Arlinda,Creese,2023-11-27 06:33:51
498,Winn,Lewisham,2022-04-30 17:33:02
499,Alfreda,Delamaine,2022-06-28 08:05:23
500,Gwenneth,Philot,2021-07-16 21:47:10
501,Moritz,Corry,2023-04-08 07:43:06
502,Ardith,Atherton,2022-05-07 17:13:15
503,Armin,Novic,2021-12-05 09:07:21
504,Edita,Kennagh,2022-07-27 19:23:48
505,Blondelle,Doughty,2023-05-06 01:29:15
506,Ann-marie,Gladdish,2022-09-12 14:42:50
507,Yolanthe,Labrow,2021-08-06 01:05:01
508,Raoul,Tidy,2021-02-13 13:41:59
509,Claudina,McGeachie,2022-12-24 06:34:42
510,Clifford,Aughton,2023-05-30 19:36:17
511,Athena,Mighele,2021-08-30 00:43:11
512,Eirena,Krop,2021-10-02 17:17:16
513,Nestor,Muress,2021-06-08 13:29:54
514,Mahalia,Netti,2023-08-06 22:29:55
515,Solomon,Reightley,2023-04-16 15:05:22
516,Cissiee,Gartery,2022-01-26 00:48:36
517,Vaughan,Crebo,2022-07-17 04:09:43
518,Perry,Jeratt,2022-07-10 03:51:37
519,Adena,Royse,2021-05-06 02:45:37
520,Tatum,Collibear,2022-06-13 02:25:40
521,Stanislas,Reinert,2022-03-22 19:53:27
522,Ceciley,Burnie,2022-11-05 05:58:47
523,Berne,Alvin,2023-09-01 08:23:58
524,Megan,Schoffler,2023-03-28 21:08:41
525,Tamara,Shurrocks,2022-11-06 09:06:56
526,Kleon,Fullalove,2023-09-22 22:06:43
527,Willa,Seston,2023-08-30 06:29:39
528,Tabbitha,Kinner,2022-06-29 17:40:17
529,Con,Jahner,2022-06-21 18:40:11
530,Annaliese,Le Grys,2022-01-30 12:28:38
531,Boyd,Cutmere,2021-06-04 06:06:47
532,Dunc,Housin,2023-05-05 14:03:43
533,Cristiano,Clawley,2021-03-24 00:20:47
534,Nissie,Batalini,2021-07-24 22:16:27
535,Judas,O'Scollain,2023-10-03 15:35:08
536,Reynolds,Hambidge,2022-03-24 00:32:24
537,Tracee,Skillett,2022-09-22 07:53:42
538,Merralee,Byas,2022-08-04 01:08:12
539,Arnuad,Berkelay,2023-06-27 08:17:30
540,Erick,Tal,2022-03-02 10:39:58
541,Yancey,M'Barron,2023-08-25 21:37:56
542,Kiri,Clausson,2023-03-23 00:30:06
543,Burnaby,Chipps,2021-08-20 09:48:17
544,Marybelle,Goodday,2023-03-31 17:03:44
545,Pia,Oldrey,2021-06-24 18:33:16
546,Anthia,Sloyan,2022-10-01 09:23:16
547,Lanny,Millward,2022-09-21 17:55:11
548,Ephraim,Oganesian,2023-02-08 14:29:58
549,Derron,Dacombe,2023-02-16 01:46:52
550,Maryrose,Sturte,2023-08-03 19:10:53
551,Wake,Fieldstone,2022-01-05 18:15:31
552,Erica,Reicharz,2023-01-30 07:42:55
553,Ody,Caig,2022-09-28 00:50:20
554,Hadlee,Standell,2023-07-16 07:53:23
555,Yanaton,Polon,2021-02-23 08:56:00
556,Fan,Sylvaine,2021-11-07 10:37:35
557,Archie,Pezey,2023-05-09 17:18:01
558,Xylina,Fayerbrother,2023-06-16 09:02:40
559,Hartley,Malyon,2021-08-20 10:53:34
560,Alejandrina,Gosland,2023-06-13 07:24:43
561,Norby,McDiarmid,2023-06-21 09:06:21
562,Prisca,Pitts,2023-04-25 08:13:56
563,Angelita,Huey,2020-12-31 18:36:28
564,Charmaine,Trenbey,2023-08-22 18:17:59
565,Hewe,Ducastel,2021-01-08 07:07:27
566,Budd,Mattussevich,2021-06-06 09:20:09
567,Georgette,Rogister,2021-10-19 11:44:11
568,Vickie,Valasek,2023-10-24 20:15:35
569,Zebulon,Bellward,2022-09-13 23:14:26
570,Delmor,Flowith,2021-01-29 02:09:12
571,Rochelle,Rameau,2023-09-06 15:52:34
572,Joelie,Starkie,2022-07-04 16:29:17
573,Jamima,McKerton,2023-06-14 13:38:07
574,Bert,Loseby,2021-01-25 23:44:06
575,Micheal,Groarty,2022-09-17 11:01:22
576,Ulrikaumeko,Reis,2022-12-12 11:54:00
577,Adria,Bedburrow,2021-08-23 02:28:37
578,Orin,Obey,2021-10-28 12:26:17
579,Scottie,Thies,2021-09-05 08:05:46
580,Dulce,Vernay,2023-07-11 15:01:50
581,Gibbie,Doick,2020-12-22 12:29:29
582,Shalna,Neem,2023-11-21 07:45:06
583,Jennie,Crossingham,2021-09-26 15:48:09
584,Vina,Webby,2023-02-06 04:08:54
585,Ruthy,Cornilli,2022-08-06 13:04:38
586,Alfy,Ivatt,2021-06-11 17:15:35
587,Bogart,Ridgewell,2022-03-06 07:23:09
588,Barbara-anne,Whitford,2022-08-31 18:45:03
589,Sayer,Brou,2021-04-17 03:32:19
590,Bruno,Saur,2021-03-23 06:39:53
591,Doretta,Pengelly,2023-02-28 20:57:53
592,Roscoe,Atkin,2022-12-25 16:34:08
593,Dynah,Louch,2023-10-16 00:50:34
594,Rob,Scrowson,2022-05-03 05:04:32
595,Dorris,Fedorski,2022-06-24 21:20:26
596,Marlowe,Evans,2021-10-06 09:44:04
597,Stepha,Brailey,2021-02-14 18:55:29
598,Eba,Earl,2023-04-17 17:21:01
599,Dolly,Deeprose,2022-12-27 20:29:15
600,Felicle,Winspare,2021-02-12 04:33:11
601,Ania,Coundley,2021-08-20 04:40:34
602,Renato,Hardin,2023-04-07 13:29:55
603,Muffin,Ranahan,2023-03-10 06:42:46
604,Sollie,Janz,2022-03-31 21:12:24
605,Denys,Targetter,2022-06-09 16:19:27
606,Marilyn,Sterry,2021-06-25 23:18:34
607,Clare,Rouff,2022-11-12 17:24:04
608,Miguela,Lowensohn,2022-04-11 18:59:40
609,Sebastien,Gawith,2022-05-14 05:31:53
610,Odetta,Tappor,2022-12-04 23:06:09
611,Sebastiano,Fishleigh,2023-11-21 19:37:20
612,Claudine,Kidder,2023-08-01 14:40:42
613,Mickie,Feldklein,2022-04-07 18:04:48
614,Jarred,Bullier,2022-07-24 22:42:00
615,Mahalia,Beadnell,2023-11-16 11:32:23
616,Keefer,Borgnol,2022-09-20 06:02:26
617,Hamel,Rego,2023-07-13 19:17:02
618,Chic,Cuerdale,2021-07-31 23:01:38
619,Eveline,Simmins,2022-08-29 23:53:59
620,Sherie,Cardoso,2022-09-11 06:45:25
621,Jaquelyn,Mauchlen,2023-04-10 10:19:33
622,Erin,Cryer,2022-04-09 01:23:49
623,Bab,Mettetal,2021-04-07 00:06:46
624,Tudor,Greep,2022-09-28 09:17:58
625,Hugues,Liven,2023-05-19 20:25:10
626,Leanna,Farnish,2021-06-13 11:18:38
627,Shelden,Keston,2022-10-05 03:34:27
628,Joe,Vasyukhin,2022-02-16 12:07:16
629,Catharine,Sall,2023-04-12 05:45:43
630,Danit,Saxon,2022-12-11 14:15:17
631,Justinn,Fellini,2021-09-26 06:41:46
632,Melicent,L' Anglois,2021-05-04 23:57:14
633,Bebe,Cullin,2022-06-10 22:28:49
634,Ilyse,Glew,2022-09-05 05:27:24
635,Winslow,Baser,2023-11-19 05:01:06
636,Errick,Penson,2023-11-24 21:43:33
637,Cindra,Fritzer,2022-03-13 16:12:07
638,Jorry,Mitchall,2021-12-18 18:37:00
639,Heidie,Moberley,2022-12-17 06:42:29
640,Cybill,Marshallsay,2023-08-02 15:01:54
641,Bent,Chisnell,2023-08-14 03:33:31
642,Jacklin,O'Rowane,2021-06-19 11:45:22
643,Caty,Lucchi,2023-10-19 06:30:34
644,Hoebart,Swepstone,2023-03-22 02:11:38
645,Marijn,Ramsdell,2023-06-15 21:14:43
646,Felita,Ibbotson,2021-08-23 19:14:20
647,Minor,Janman,2020-12-29 09:29:38
648,Sig,Agnolo,2022-02-14 16:14:54
649,Shelton,Mazonowicz,2023-09-19 07:59:26
650,Townsend,Morando,2021-09-16 05:35:49
651,Ailee,Ollerearnshaw,2021-09-24 04:44:57
652,Lionel,Leveret,2023-05-31 17:22:47
653,Lyon,Izakof,2023-08-03 20:45:26
654,Lavinia,Kusick,2023-03-06 01:45:44
655,Jesse,Konertz,2021-12-02 18:24:28
656,Daron,Mascall,2022-10-11 07:32:46
657,Brook,McLagan,2022-04-22 20:22:22
658,Rayner,Jozefowicz,2023-05-11 01:10:46
659,Sigvard,Peevor,2021-01-25 13:50:13
660,Fredrick,Emeline,2022-01-03 13:21:43
661,Ninnette,Bolletti,2022-12-05 03:44:29
662,Vivia,Coopper,2022-04-28 18:00:25
663,Jasmine,Maydwell,2023-06-02 22:46:06
664,Mel,Theodore,2021-06-29 21:38:55
665,Mauricio,Tombleson,2023-08-31 14:44:24
666,Melosa,Dilrew,2022-11-04 05:03:43
667,Matelda,Epine,2022-06-04 21:12:12
668,Paulo,Edgett,2022-10-17 16:24:28
669,Crissie,Jancey,2023-05-17 14:23:23
670,Catie,Brundale,2021-01-21 01:18:39
671,Northrup,Pickworth,2022-09-26 06:51:42
672,Porty,Kerley,2022-01-28 17:15:01
673,Cathe,Wolfarth,2021-07-10 07:49:25
674,Nedi,Cooke,2023-09-16 16:33:45
675,Jandy,Rylett,2021-06-03 02:17:13
676,Joyann,Tebbitt,2021-11-09 01:32:53
677,Boone,Nanetti,2021-07-08 15:47:10
678,Grannie,Reavell,2021-01-14 01:12:43
679,Madeline,Tembey,2022-11-18 20:27:13
680,Lyssa,Pirie,2022-02-21 18:48:53
681,Wallache,Renne,2023-03-31 04:26:05
682,Diana,Reuven,2023-11-08 12:52:06
683,Edna,Illingsworth,2021-04-04 17:06:57
684,Lucas,Paramor,2021-10-27 08:45:29
685,Alfonse,Gonneau,2022-06-05 04:35:01
686,Linn,Reubens,2021-10-25 04:04:10
687,Opal,Saunderson,2023-10-03 06:38:44
688,Alano,Forsard,2021-08-01 17:16:11
689,Virgil,McVitie,2022-09-15 06:37:29
690,Frank,Membry,2022-04-20 14:50:01
691,Cicily,Lugsdin,2023-04-22 19:06:45
692,Fair,Dumphry,2022-11-28 03:40:54
693,Cirilo,Cruse,2022-05-31 07:32:03
694,Stewart,Eat,2022-04-17 17:33:28
695,Dyna,Pengelly,2023-05-05 10:15:55
696,Gennie,Mallinson,2023-09-23 15:38:41
697,Katerine,Stichel,2021-02-12 08:34:58
698,Bili,Moores,2023-07-01 00:31:14
699,Rhoda,Goslin,2021-07-16 07:32:10
700,Ailsun,Cowerd,2021-02-23 02:34:51
701,Prissie,Deveril,2023-02-12 07:21:30
702,Grete,Lawfull,2022-03-30 15:53:19
703,Sigismondo,Hawthorne,2022-08-31 10:30:51
704,Kalila,Tretter,2023-05-01 01:01:11
705,Patrizia,Lelande,2022-02-15 03:01:12
706,Justine,Szapiro,2022-10-31 08:03:48
707,Niven,Kobelt,2021-11-27 03:28:24
708,Harris,Djurkovic,2022-01-12 08:04:42
709,Cinnamon,Philcott,2023-05-09 17:29:49
710,Vanya,Lagen,2021-10-21 05:44:55
711,Ketti,Rubin,2022-12-20 09:03:45
712,Porty,Mabbot,2020-12-24 23:44:43
713,Louise,Brailey,2021-08-18 19:43:30
714,Aubree,Batho,2022-01-14 15:51:09
715,Gard,Phillot,2021-04-03 03:38:17
716,Roderich,Lafflina,2022-06-25 01:19:19
717,Goldie,Gittis,2023-07-13 01:57:35
718,Pearline,Gallehock,2023-03-13 00:04:15
719,Darill,Ucceli,2023-10-11 10:40:57
720,Reidar,Sharrard,2021-03-20 21:04:48
721,Salvidor,Pottie,2023-08-03 22:00:13
722,Stephani,Willshee,2023-09-05 13:05:31
723,Ravid,Slaymaker,2022-06-14 13:17:28
724,Cordy,Bras,2022-07-22 12:46:02
725,Hobey,Knowlton,2021-11-04 09:02:18
726,Nicolette,Whordley,2022-03-04 10:06:30
727,Bevan,Murfill,2023-08-07 21:53:56
728,Craggie,Targett,2022-04-22 13:45:38
729,Andras,Hallbird,2022-03-05 18:25:57
730,Diann,Marchi,2022-11-20 12:26:39
731,Ora,Lowensohn,2022-07-14 23:33:11
732,Liz,Harrie,2023-02-12 23:52:03
733,Jayme,Shambroke,2022-10-11 01:57:59
734,Izabel,Weatherby,2023-03-01 11:31:36
735,Gerhardine,Dymocke,2022-01-01 05:10:08
736,Pamelina,Bleckly,2023-07-02 13:55:45
737,Willow,Arp,2021-06-25 22:42:00
738,Menard,Gull,2023-03-24 22:20:18
739,Domenic,Grzelczak,2021-10-15 23:15:08
740,Myrtia,Mogey,2022-04-09 04:57:39
741,Thea,Knightley,2021-10-26 14:08:42
742,Juan,Reinmar,2022-07-27 02:34:47
743,Eolanda,Hiers,2023-09-01 23:33:13
744,Ibrahim,Arkell,2021-08-23 11:07:14
745,Stacee,Acors,2023-08-22 00:22:42
746,Rosalia,Donke,2020-12-19 18:54:02
747,Rachael,Nanni,2022-08-17 08:36:12
748,Laney,Hedden,2021-09-11 17:12:03
749,Barbabra,Yeulet,2022-09-02 08:08:38
750,Briano,Runciman,2022-12-18 15:14:10
751,Lauretta,Hew,2022-04-01 01:49:47
752,Norrie,Humby,2022-04-21 15:59:08
753,Margareta,Spear,2023-02-22 22:16:19
754,Conant,Slainey,2023-08-27 05:41:51
755,Hilario,D'Onise,2021-09-03 22:43:26
756,Sergeant,Reina,2022-01-23 18:44:23
757,Karoly,Dinis,2022-09-12 11:57:53
758,Nev,Udell,2022-02-15 12:34:40
759,Fair,Duplan,2021-09-02 18:14:37
760,Stu,Nazaret,2022-08-05 21:20:29
761,Aldwin,Varian,2022-02-02 11:51:18
762,Welby,Seymer,2022-03-19 20:30:28
763,Gladys,Withnall,2021-11-11 22:52:38
764,Theodor,Ollerhead,2022-09-10 11:13:41
765,Red,Mazonowicz,2021-12-12 11:49:17
766,Clementine,Schmidt,2021-03-19 12:34:56
767,Marigold,Pleasants,2022-01-19 04:43:05
768,Levi,Humbey,2022-11-09 16:01:28
769,Jamesy,Elleton,2021-11-06 10:42:39
770,Brandice,Burstowe,2022-07-13 09:29:30
771,Kali,Curman,2022-02-27 15:06:39
772,Hurley,Buffery,2022-06-16 19:30:43
773,Karia,Riggey,2022-04-25 11:54:32
774,Chiquita,Ochiltree,2023-10-11 10:03:02
775,Brant,McCay,2021-02-12 12:23:17
776,Domini,Vowels,2021-08-26 14:19:11
777,Dru,Bruggeman,2023-01-20 17:03:18
778,Joanie,Marvelley,2022-05-07 07:46:53
779,Cindelyn,Beament,2023-09-03 06:26:17
780,Willdon,Ramel,2021-07-02 18:36:25
781,Alene,Teasey,2020-12-11 21:01:52
782,Gay,Izakoff,2022-05-27 07:06:09
783,Hadlee,Wyrill,2022-04-21 00:25:42
784,Curcio,Sandbrook,2021-09-27 18:44:34
785,Mord,Bartod,2021-08-30 21:41:41
786,Beret,Charley,2022-06-09 10:44:20
787,Desiree,Wood,2022-11-25 10:16:35
788,Sande,Bingle,2023-03-31 03:05:43
789,Agustin,Rawes,2021-07-24 14:02:33
790,Bryana,Kearle,2022-05-03 01:18:56
791,Lesly,Friel,2023-09-24 06:06:11
792,Junette,Balazot,2021-02-17 10:02:55
793,Holly,Roth,2022-06-22 15:42:13
794,Iorgo,De Freitas,2021-06-08 06:14:18
795,Joanna,Bertolin,2022-01-11 15:44:21
796,Emogene,Nother,2021-05-27 06:40:44
797,Stanton,Sposito,2021-08-12 09:56:07
798,Brewer,Gasken,2023-11-07 00:07:07
799,Jeffie,Schermick,2023-09-14 02:17:38
800,Gustave,Moorcraft,2022-11-27 21:56:45
801,Valina,Bastie,2021-11-22 09:06:16
802,Rowan,Iacavone,2023-07-25 08:12:11
803,Emyle,Robertacci,2021-12-02 07:02:05
804,Vannie,Goldney,2023-11-28 03:30:53
805,Tiertza,Benwell,2023-12-01 12:30:40
806,Kenyon,Brimfield,2021-12-26 09:17:18
807,Latrina,Klimushev,2023-03-12 00:41:50
808,Christoforo,Burling,2023-05-18 20:12:43
809,Kore,Baildon,2023-07-27 14:29:22
810,Lexine,McInerney,2023-06-06 21:31:41
811,Stacie,Danshin,2021-05-31 06:01:25
812,Melinde,Menichelli,2022-08-05 14:39:03
813,Fawnia,Nend,2021-10-10 03:32:27
814,Tierney,Forster,2021-12-08 16:18:18
815,Calla,Rumbellow,2021-07-05 22:17:50
816,Luther,Gawthrop,2022-04-22 23:05:27
817,Molly,Tilsley,2022-12-05 03:48:40
818,Ariel,Azema,2021-05-15 06:33:58
819,Burlie,McKellen,2022-08-21 04:42:56
820,Greta,Crockford,2022-01-03 06:40:01
821,Datha,Greswell,2022-12-04 05:16:36
822,Nydia,Moorhead,2022-03-30 21:56:03
823,Hubey,Hinkley,2021-07-03 06:24:03
824,Amalle,Skatcher,2023-11-06 21:29:56
825,Mic,Jasik,2021-01-30 22:15:54
826,Conrade,Piggens,2021-06-07 18:57:10
827,Raleigh,Sigmund,2022-01-18 14:11:20
828,Natassia,Markie,2023-10-22 11:20:02
829,Tracy,Tinmouth,2023-07-21 20:58:23
830,Ken,Blasius,2022-12-24 00:41:13
831,Rozamond,Wilce,2021-06-21 08:19:01
832,Hestia,Olivera,2023-04-11 23:39:03
833,Minni,Rodolico,2020-12-27 16:38:24
834,Xylina,Griswood,2023-03-06 17:03:58
835,Claiborn,Milson,2023-01-27 12:25:35
836,Riccardo,Mallalieu,2023-09-13 03:12:45
837,Nevsa,Ternault,2022-07-29 20:00:34
838,Elga,Oddboy,2021-03-07 20:20:41
839,Elli,Hanna,2022-02-26 01:00:04
840,Mary,Le - Count,2023-01-16 10:14:05
841,Cletis,Aughton,2022-10-01 07:58:31
842,Gabriellia,Saylor,2021-03-25 17:39:12
843,Irma,Diament,2021-10-03 02:21:13
844,Alison,Dimitrijevic,2021-10-16 15:26:19
845,Tremaine,Pycock,2023-07-03 17:03:10
846,Jorey,Grouse,2022-03-14 20:36:56
847,Stephanie,Brant,2023-06-30 05:31:37
848,Sisile,Eplate,2021-11-13 09:15:13
849,Tabina,Aspinall,2022-04-28 12:56:53
850,Axe,Gerring,2021-12-26 06:14:19
851,Idette,Lemerie,2022-08-08 00:21:10
852,Con,Daish,2023-10-09 00:40:42
853,Jacquelyn,O' Brian,2022-03-24 06:58:53
854,Aharon,Giocannoni,2022-10-20 07:12:24
855,Irwinn,Ucchino,2022-08-22 05:46:42
856,Morgen,Sterre,2021-02-05 16:31:02
857,Raine,Pinxton,2021-12-08 00:21:44
858,Hyatt,Mouncey,2021-09-20 09:08:34
859,Arch,Faldoe,2023-07-18 18:36:14
860,Ross,Bartzen,2021-09-24 11:50:01
861,Melosa,Neillans,2023-02-11 12:59:35
862,Davita,Maywood,2023-01-10 10:02:39
863,Lothaire,Croughan,2022-04-22 23:31:47
864,Whitaker,Petschel,2023-03-05 20:07:39
865,Caroline,Lumsden,2023-02-02 22:27:07
866,Florry,Bozworth,2023-07-02 16:45:04
867,Cody,Smallman,2022-08-03 04:21:14
868,Allis,Lalonde,2023-09-29 23:34:02
869,Gwenni,Guidi,2022-01-05 18:58:42
870,Aeriel,Cregan,2022-06-26 09:16:56
871,Jaime,Bloys,2023-02-23 15:58:13
872,Rosaleen,Danilishin,2023-02-25 03:48:27
873,Doug,Seer,2022-08-22 03:41:28
874,Leena,Sussems,2023-03-16 10:35:47
875,Vanda,De Malchar,2022-02-23 09:19:41
876,Chelsea,Caton,2021-08-26 22:14:57
877,Alfy,Mulles,2023-11-07 04:11:17
878,Aylmar,Royle,2021-02-04 04:57:16
879,Shurwood,Trenam,2021-10-05 05:52:01
880,Evy,Rodrigo,2023-08-04 09:24:31
881,Conant,Dublin,2023-03-21 07:51:54
882,Rickey,Nethercott,2022-08-13 12:11:46
883,Stace,Ghidelli,2022-05-05 20:43:34
884,Jeramie,Clayworth,2022-02-24 22:05:08
885,Barbi,Fayne,2021-06-12 12:18:51
886,Frederique,Castiglioni,2021-07-04 09:51:56
887,Oriana,Jeandel,2021-09-04 07:38:53
888,Wandis,Ragborne,2021-12-13 15:39:42
889,Jill,Bercevelo,2022-10-15 14:19:30
890,Baxy,Cushe,2022-10-19 02:05:20
891,Tremaine,Phipps,2021-01-24 11:38:06
892,Amil,Poncet,2023-10-21 03:45:52
893,Viola,Leades,2023-09-01 06:11:06
894,Linn,Branni,2023-10-28 05:51:57
895,Dilly,Stirtle,2022-12-14 07:57:33
896,Horton,Eynon,2022-12-24 12:51:44
897,Spike,Helleckas,2022-11-26 15:14:22
898,Edee,Seymour,2022-09-27 07:59:16
899,Tito,Goodenough,2023-12-08 13:26:46
900,Windham,Mertsching,2023-03-16 20:57:24
901,Nicko,Bramsom,2023-03-13 16:11:34
902,Duke,Hawken,2021-12-17 06:09:32
903,Winny,Domoni,2023-01-25 19:13:47
904,Lenee,Jouandet,2023-10-17 16:32:45
905,Aloise,Calvert,2020-12-18 13:34:47
906,Hillery,Foucar,2022-01-18 04:27:19
907,Beatrix,Very,2023-06-26 20:30:33
908,Constantino,Bello,2022-03-31 16:44:34
909,Jacky,Rivitt,2021-07-11 09:26:48
910,Vin,Dibbert,2023-11-07 05:32:38
911,Rinaldo,Fender,2021-06-22 22:44:33
912,Chick,McQuade,2021-07-12 18:08:04
913,Mathe,Lakes,2022-09-22 06:06:22
914,Marvin,Matteau,2023-04-26 09:06:19
915,Matty,Jagoe,2022-08-27 22:19:31
916,Brit,Rispine,2021-03-01 02:53:11
917,Marjy,Werner,2020-12-31 20:52:09
918,Caroljean,Nast,2022-03-16 05:15:25
919,Dyane,Martinello,2022-03-19 01:38:45
920,Sarah,Osbidston,2023-05-15 20:50:31
921,Ellery,Beert,2021-03-19 11:02:15
922,Demetris,Devlin,2022-05-16 03:05:54
923,Michaella,Constance,2021-11-04 11:04:10
924,Erl,Karus,2023-04-30 11:10:25
925,Branden,Ray,2023-02-05 07:42:50
926,Libby,Bannerman,2022-10-04 08:48:45
927,Malvina,Gusticke,2022-02-19 16:28:08
928,Clarine,MacGragh,2022-05-12 11:22:37
929,Alexi,Pummell,2021-12-01 01:12:32
930,Caleb,Cafferty,2023-01-31 20:44:00
931,Leupold,Fautly,2021-11-01 10:34:41
932,Amandie,Beer,2022-11-08 20:46:12
933,Cosmo,Baldery,2021-05-11 07:22:20
934,Evania,Ilson,2023-07-04 23:03:48
935,Ginnie,Phipp,2022-06-19 12:58:56
936,Monique,Scrauniage,2023-07-22 02:49:35
937,Englebert,Kyte,2021-10-26 16:21:47
938,Nevil,Antonomoli,2022-02-10 23:33:12
939,Cassi,Schustl,2022-12-11 03:04:48
940,Dex,Fillary,2021-03-01 01:02:05
941,Templeton,Primmer,2023-11-24 21:54:32
942,Addie,Lowes,2021-04-17 06:51:09
943,Hayden,O'Dempsey,2021-03-03 00:22:15
944,Mercie,Sweynson,2023-07-23 02:09:54
945,Alain,Kopfen,2021-11-27 04:43:31
946,Rosalynd,Churchlow,2023-07-14 06:28:10
947,Matti,Pentercost,2020-12-16 02:53:45
948,Imojean,Mozzini,2023-06-08 13:35:36
949,Jenelle,Eason,2022-05-01 06:39:26
950,Riccardo,Casotti,2023-01-12 19:02:53
951,Dorian,Mariel,2021-01-20 11:51:26
952,Filippo,O'Loughnan,2022-10-25 07:28:46
953,Sydney,Bennett,2023-07-09 01:52:54
954,Pall,Gergely,2023-04-29 02:03:31
955,Matteo,Burgess,2023-06-11 09:29:35
956,Rand,Tinson,2023-07-04 08:46:20
957,Doti,Szymonowicz,2023-11-14 17:17:12
958,Lida,Bundey,2022-08-13 00:02:34
959,Moises,Mansuer,2023-11-28 16:58:27
960,Andras,Najera,2023-06-17 23:04:53
961,Devinne,Berkley,2023-12-05 14:49:08
962,Jemima,Awde,2022-06-24 22:50:40
963,Albertina,Klausewitz,2022-12-01 23:04:12
964,Kynthia,Anlay,2021-06-03 13:57:06
965,Genovera,Axleby,2022-02-18 22:59:20
966,Joanie,Habbershon,2022-05-18 22:28:55
967,Farrell,Buckingham,2021-05-17 06:43:54
968,Wynny,Whopples,2022-11-04 02:36:42
969,Muffin,Capey,2022-12-13 04:13:25
970,Jeffrey,Lurner,2020-12-31 01:52:29
971,Barrett,Domerque,2021-07-11 21:18:17
972,Maria,Maraga,2023-01-27 15:01:50
973,Rowland,Tomaschke,2022-05-19 09:38:16
974,Lillis,Addington,2021-04-02 13:28:02
975,Elysee,Gregoretti,2023-10-08 11:37:51
976,Janek,Manlow,2022-02-10 11:35:11
977,Damon,Fowley,2023-05-16 22:13:12
978,Hubert,Behning,2023-11-26 11:14:13
979,Barret,Dunlap,2023-06-28 17:10:33
980,Tabb,Lindsey,2023-04-05 15:53:25
981,Gracie,Kayley,2022-10-19 11:55:58
982,Emili,McLenahan,2021-09-27 00:58:20
983,Odetta,Battell,2022-11-03 02:13:16
984,Krystyna,Grunnill,2021-02-11 07:26:12
985,Morgan,Cracknell,2022-06-14 05:21:07
986,Mickie,Rounsefell,2023-08-21 04:40:58
987,Jervis,Leacock,2023-02-11 06:11:43
988,Alex,Aikett,2022-07-16 09:38:36
989,Osborne,Town,2022-08-17 07:48:52
990,Israel,Boome,2023-11-10 07:44:04
991,Vince,Silly,2021-02-26 18:54:20
992,Gibbie,Lydford,2022-10-06 18:00:43
993,Carly,Linch,2023-08-30 17:14:43
994,Bryant,McClaughlin,2022-10-25 03:54:04
995,Teodor,O'Duilleain,2023-11-19 05:15:39
996,Demetrius,Shawdforth,2023-09-19 15:19:02
997,Ceil,Gealle,2021-04-09 08:33:13
998,Federica,Rampling,2022-04-15 20:26:27
999,Aloise,Hallock,2021-05-31 12:06:03
1000,Porter,Arnason,2022-05-11 03:46:12
